condition,strategy,timeout_ms,run,frame,stall_ms
congested,none,0,1,296,515.0
congested,none,0,1,326,562.0
congested,none,0,1,356,650.0
congested,none,0,1,381,121.0
congested,none,0,1,386,648.0
congested,none,0,1,416,721.0
congested,none,0,1,446,756.0
congested,none,0,1,472,614.0
congested,none,0,1,486,290.0
congested,none,0,1,502,886.0
congested,none,0,1,532,901.0
congested,none,0,1,562,899.0
congested,none,0,1,588,288.0
congested,none,0,1,867,240.0
congested,none,0,2,296,514.0
congested,none,0,2,326,562.0
congested,none,0,2,356,650.0
congested,none,0,2,381,115.0
congested,none,0,2,386,648.0
congested,none,0,2,416,722.0
congested,none,0,2,446,757.0
congested,none,0,2,472,614.0
congested,none,0,2,488,113.0
congested,none,0,2,494,102.0
congested,none,0,2,502,885.0
congested,none,0,2,532,901.0
congested,none,0,2,562,899.0
congested,none,0,2,588,288.0
congested,none,0,2,867,241.0
congested,none,0,3,296,515.0
congested,none,0,3,326,561.0
congested,none,0,3,356,650.0
congested,none,0,3,381,115.0
congested,none,0,3,386,648.0
congested,none,0,3,416,721.0
congested,none,0,3,446,757.0
congested,none,0,3,472,614.0
congested,none,0,3,488,112.0
congested,none,0,3,494,102.0
congested,none,0,3,502,886.0
congested,none,0,3,532,901.0
congested,none,0,3,562,900.0
congested,none,0,3,588,288.0
congested,none,0,3,866,241.0
congested,none,0,4,296,494.0
congested,none,0,4,326,577.0
congested,none,0,4,356,667.0
congested,none,0,4,386,653.0
congested,none,0,4,416,723.0
congested,none,0,4,445,781.0
congested,none,0,4,471,614.0
congested,none,0,4,493,102.0
congested,none,0,4,501,886.0
congested,none,0,4,531,901.0
congested,none,0,4,561,899.0
congested,none,0,4,587,287.0
congested,none,0,4,865,241.0
congested,none,0,5,296,515.0
congested,none,0,5,326,550.0
congested,none,0,5,356,675.0
congested,none,0,5,381,103.0
congested,none,0,5,386,672.0
congested,none,0,5,416,697.0
congested,none,0,5,446,756.0
congested,none,0,5,472,590.0
congested,none,0,5,494,102.0
congested,none,0,5,502,898.0
congested,none,0,5,518,104.0
congested,none,0,5,532,961.0
congested,none,0,5,562,911.0
congested,none,0,5,588,325.0
congested,none,0,5,867,207.0
congested,none,0,6,296,514.0
congested,none,0,6,326,562.0
congested,none,0,6,356,650.0
congested,none,0,6,381,116.0
congested,none,0,6,386,648.0
congested,none,0,6,416,720.0
congested,none,0,6,446,756.0
congested,none,0,6,472,614.0
congested,none,0,6,488,112.0
congested,none,0,6,494,101.0
congested,none,0,6,502,886.0
congested,none,0,6,532,901.0
congested,none,0,6,562,900.0
congested,none,0,6,588,288.0
congested,none,0,6,867,241.0
congested,none,0,7,296,514.0
congested,none,0,7,326,562.0
congested,none,0,7,356,650.0
congested,none,0,7,381,116.0
congested,none,0,7,386,648.0
congested,none,0,7,416,709.0
congested,none,0,7,446,781.0
congested,none,0,7,472,614.0
congested,none,0,7,488,124.0
congested,none,0,7,494,101.0
congested,none,0,7,502,898.0
congested,none,0,7,512,101.0
congested,none,0,7,532,924.0
congested,none,0,7,562,923.0
congested,none,0,7,588,310.0
congested,none,0,7,867,229.0
congested,none,0,8,296,494.0
congested,none,0,8,326,542.0
congested,none,0,8,356,665.0
congested,none,0,8,381,110.0
congested,none,0,8,386,652.0
congested,none,0,8,416,724.0
congested,none,0,8,445,781.0
congested,none,0,8,471,630.0
congested,none,0,8,493,102.0
congested,none,0,8,501,886.0
congested,none,0,8,531,901.0
congested,none,0,8,561,899.0
congested,none,0,8,587,289.0
congested,none,0,8,865,243.0
congested,none,0,9,296,514.0
congested,none,0,9,326,562.0
congested,none,0,9,356,649.0
congested,none,0,9,381,116.0
congested,none,0,9,386,648.0
congested,none,0,9,416,720.0
congested,none,0,9,446,757.0
congested,none,0,9,472,614.0
congested,none,0,9,488,112.0
congested,none,0,9,494,102.0
congested,none,0,9,502,887.0
congested,none,0,9,532,900.0
congested,none,0,9,562,900.0
congested,none,0,9,588,288.0
congested,none,0,9,867,240.0
congested,none,0,10,296,503.0
congested,none,0,10,326,550.0
congested,none,0,10,356,674.0
congested,none,0,10,381,103.0
congested,none,0,10,386,672.0
congested,none,0,10,416,697.0
congested,none,0,10,446,757.0
congested,none,0,10,472,590.0
congested,none,0,10,502,897.0
congested,none,0,10,518,104.0
congested,none,0,10,532,948.0
congested,none,0,10,559,111.0
congested,none,0,10,562,910.0
congested,none,0,10,588,325.0
congested,none,0,10,867,207.0
congested,reset-at-keyframe,100,1,265,486.0
congested,reset-at-keyframe,100,1,266,1035.0
congested,reset-at-keyframe,100,1,267,1106.0
congested,reset-at-keyframe,100,1,268,1000.0
congested,reset-at-keyframe,100,1,269,1047.0
congested,reset-at-keyframe,100,1,270,1058.0
congested,reset-at-keyframe,100,1,271,997.0
congested,reset-at-keyframe,100,1,272,1000.0
congested,reset-at-keyframe,100,1,273,1023.0
congested,reset-at-keyframe,100,1,274,988.0
congested,reset-at-keyframe,100,1,275,352.0
congested,reset-at-keyframe,100,1,276,944.0
congested,reset-at-keyframe,100,1,465,589.0
congested,reset-at-keyframe,100,1,466,940.0
congested,reset-at-keyframe,100,1,467,975.0
congested,reset-at-keyframe,100,2,266,450.0
congested,reset-at-keyframe,100,2,267,1035.0
congested,reset-at-keyframe,100,2,268,1106.0
congested,reset-at-keyframe,100,2,269,1001.0
congested,reset-at-keyframe,100,2,270,1046.0
congested,reset-at-keyframe,100,2,271,1058.0
congested,reset-at-keyframe,100,2,272,997.0
congested,reset-at-keyframe,100,2,273,1012.0
congested,reset-at-keyframe,100,2,274,1011.0
congested,reset-at-keyframe,100,2,275,988.0
congested,reset-at-keyframe,100,2,276,351.0
congested,reset-at-keyframe,100,2,277,944.0
congested,reset-at-keyframe,100,2,466,588.0
congested,reset-at-keyframe,100,2,467,940.0
congested,reset-at-keyframe,100,2,468,977.0
congested,reset-at-keyframe,100,3,266,453.0
congested,reset-at-keyframe,100,3,267,1035.0
congested,reset-at-keyframe,100,3,268,1107.0
congested,reset-at-keyframe,100,3,269,999.0
congested,reset-at-keyframe,100,3,270,1047.0
congested,reset-at-keyframe,100,3,271,1058.0
congested,reset-at-keyframe,100,3,272,998.0
congested,reset-at-keyframe,100,3,273,999.0
congested,reset-at-keyframe,100,3,274,1024.0
congested,reset-at-keyframe,100,3,275,987.0
congested,reset-at-keyframe,100,3,276,352.0
congested,reset-at-keyframe,100,3,277,943.0
congested,reset-at-keyframe,100,3,466,588.0
congested,reset-at-keyframe,100,3,467,941.0
congested,reset-at-keyframe,100,3,468,976.0
congested,reset-at-keyframe,100,4,266,450.0
congested,reset-at-keyframe,100,4,267,1035.0
congested,reset-at-keyframe,100,4,268,1106.0
congested,reset-at-keyframe,100,4,269,999.0
congested,reset-at-keyframe,100,4,270,1048.0
congested,reset-at-keyframe,100,4,271,1059.0
congested,reset-at-keyframe,100,4,272,997.0
congested,reset-at-keyframe,100,4,273,1012.0
congested,reset-at-keyframe,100,4,274,1012.0
congested,reset-at-keyframe,100,4,275,986.0
congested,reset-at-keyframe,100,4,276,352.0
congested,reset-at-keyframe,100,4,277,944.0
congested,reset-at-keyframe,100,4,466,589.0
congested,reset-at-keyframe,100,4,467,940.0
congested,reset-at-keyframe,100,4,468,975.0
congested,reset-at-keyframe,100,5,266,468.0
congested,reset-at-keyframe,100,5,267,1035.0
congested,reset-at-keyframe,100,5,268,1107.0
congested,reset-at-keyframe,100,5,269,1000.0
congested,reset-at-keyframe,100,5,270,1047.0
congested,reset-at-keyframe,100,5,271,1058.0
congested,reset-at-keyframe,100,5,272,997.0
congested,reset-at-keyframe,100,5,273,1001.0
congested,reset-at-keyframe,100,5,274,1022.0
congested,reset-at-keyframe,100,5,275,987.0
congested,reset-at-keyframe,100,5,276,352.0
congested,reset-at-keyframe,100,5,277,944.0
congested,reset-at-keyframe,100,5,466,589.0
congested,reset-at-keyframe,100,5,467,940.0
congested,reset-at-keyframe,100,5,468,976.0
congested,reset-at-keyframe,100,6,266,452.0
congested,reset-at-keyframe,100,6,267,1035.0
congested,reset-at-keyframe,100,6,268,1106.0
congested,reset-at-keyframe,100,6,269,999.0
congested,reset-at-keyframe,100,6,270,1048.0
congested,reset-at-keyframe,100,6,271,1058.0
congested,reset-at-keyframe,100,6,272,996.0
congested,reset-at-keyframe,100,6,273,1000.0
congested,reset-at-keyframe,100,6,274,1023.0
congested,reset-at-keyframe,100,6,275,987.0
congested,reset-at-keyframe,100,6,276,352.0
congested,reset-at-keyframe,100,6,277,944.0
congested,reset-at-keyframe,100,6,466,606.0
congested,reset-at-keyframe,100,6,467,940.0
congested,reset-at-keyframe,100,6,468,976.0
congested,reset-at-keyframe,100,7,266,452.0
congested,reset-at-keyframe,100,7,267,1036.0
congested,reset-at-keyframe,100,7,268,1105.0
congested,reset-at-keyframe,100,7,269,999.0
congested,reset-at-keyframe,100,7,270,1047.0
congested,reset-at-keyframe,100,7,271,1059.0
congested,reset-at-keyframe,100,7,272,996.0
congested,reset-at-keyframe,100,7,273,1000.0
congested,reset-at-keyframe,100,7,274,1024.0
congested,reset-at-keyframe,100,7,275,987.0
congested,reset-at-keyframe,100,7,276,352.0
congested,reset-at-keyframe,100,7,277,944.0
congested,reset-at-keyframe,100,7,466,589.0
congested,reset-at-keyframe,100,7,467,940.0
congested,reset-at-keyframe,100,7,468,976.0
congested,reset-at-keyframe,100,8,266,449.0
congested,reset-at-keyframe,100,8,267,1035.0
congested,reset-at-keyframe,100,8,268,1107.0
congested,reset-at-keyframe,100,8,269,999.0
congested,reset-at-keyframe,100,8,270,1047.0
congested,reset-at-keyframe,100,8,271,1059.0
congested,reset-at-keyframe,100,8,272,997.0
congested,reset-at-keyframe,100,8,273,999.0
congested,reset-at-keyframe,100,8,274,1024.0
congested,reset-at-keyframe,100,8,275,987.0
congested,reset-at-keyframe,100,8,276,354.0
congested,reset-at-keyframe,100,8,277,943.0
congested,reset-at-keyframe,100,8,466,588.0
congested,reset-at-keyframe,100,8,467,941.0
congested,reset-at-keyframe,100,8,468,975.0
congested,reset-at-keyframe,100,9,263,552.0
congested,reset-at-keyframe,100,9,264,1035.0
congested,reset-at-keyframe,100,9,265,1107.0
congested,reset-at-keyframe,100,9,266,999.0
congested,reset-at-keyframe,100,9,267,1047.0
congested,reset-at-keyframe,100,9,268,1060.0
congested,reset-at-keyframe,100,9,269,984.0
congested,reset-at-keyframe,100,9,270,1011.0
congested,reset-at-keyframe,100,9,271,1024.0
congested,reset-at-keyframe,100,9,272,975.0
congested,reset-at-keyframe,100,9,273,364.0
congested,reset-at-keyframe,100,9,274,944.0
congested,reset-at-keyframe,100,9,463,588.0
congested,reset-at-keyframe,100,9,464,940.0
congested,reset-at-keyframe,100,9,465,977.0
congested,reset-at-keyframe,100,10,237,312.0
congested,reset-at-keyframe,100,10,238,1107.0
congested,reset-at-keyframe,100,10,239,1036.0
congested,reset-at-keyframe,100,10,240,1093.0
congested,reset-at-keyframe,100,10,241,1011.0
congested,reset-at-keyframe,100,10,242,1035.0
congested,reset-at-keyframe,100,10,243,1060.0
congested,reset-at-keyframe,100,10,244,996.0
congested,reset-at-keyframe,100,10,245,1024.0
congested,reset-at-keyframe,100,10,246,1011.0
congested,reset-at-keyframe,100,10,247,987.0
congested,reset-at-keyframe,100,10,248,352.0
congested,reset-at-keyframe,100,10,249,945.0
congested,reset-at-keyframe,100,10,438,588.0
congested,reset-at-keyframe,100,10,439,940.0
congested,reset-at-keyframe,100,10,440,977.0
congested,reset-at-keyframe,200,1,267,416.0
congested,reset-at-keyframe,200,1,268,1036.0
congested,reset-at-keyframe,200,1,296,704.0
congested,reset-at-keyframe,200,1,297,664.0
congested,reset-at-keyframe,200,1,298,714.0
congested,reset-at-keyframe,200,1,299,1059.0
congested,reset-at-keyframe,200,1,300,997.0
congested,reset-at-keyframe,200,1,301,999.0
congested,reset-at-keyframe,200,1,302,1011.0
congested,reset-at-keyframe,200,1,303,999.0
congested,reset-at-keyframe,200,1,304,352.0
congested,reset-at-keyframe,200,1,523,532.0
congested,reset-at-keyframe,200,1,524,940.0
congested,reset-at-keyframe,200,1,525,976.0
congested,reset-at-keyframe,200,2,267,417.0
congested,reset-at-keyframe,200,2,268,1034.0
congested,reset-at-keyframe,200,2,296,705.0
congested,reset-at-keyframe,200,2,297,665.0
congested,reset-at-keyframe,200,2,298,712.0
congested,reset-at-keyframe,200,2,299,1058.0
congested,reset-at-keyframe,200,2,300,998.0
congested,reset-at-keyframe,200,2,301,999.0
congested,reset-at-keyframe,200,2,302,1011.0
congested,reset-at-keyframe,200,2,303,1000.0
congested,reset-at-keyframe,200,2,304,352.0
congested,reset-at-keyframe,200,2,523,544.0
congested,reset-at-keyframe,200,2,524,928.0
congested,reset-at-keyframe,200,2,525,976.0
congested,reset-at-keyframe,200,3,267,418.0
congested,reset-at-keyframe,200,3,268,1036.0
congested,reset-at-keyframe,200,3,296,703.0
congested,reset-at-keyframe,200,3,297,664.0
congested,reset-at-keyframe,200,3,298,715.0
congested,reset-at-keyframe,200,3,299,1059.0
congested,reset-at-keyframe,200,3,300,997.0
congested,reset-at-keyframe,200,3,301,1000.0
congested,reset-at-keyframe,200,3,302,1011.0
congested,reset-at-keyframe,200,3,303,999.0
congested,reset-at-keyframe,200,3,304,352.0
congested,reset-at-keyframe,200,3,523,534.0
congested,reset-at-keyframe,200,3,524,939.0
congested,reset-at-keyframe,200,3,525,976.0
congested,reset-at-keyframe,200,4,267,416.0
congested,reset-at-keyframe,200,4,268,1036.0
congested,reset-at-keyframe,200,4,296,703.0
congested,reset-at-keyframe,200,4,297,664.0
congested,reset-at-keyframe,200,4,298,714.0
congested,reset-at-keyframe,200,4,299,1059.0
congested,reset-at-keyframe,200,4,300,998.0
congested,reset-at-keyframe,200,4,301,998.0
congested,reset-at-keyframe,200,4,302,1012.0
congested,reset-at-keyframe,200,4,303,999.0
congested,reset-at-keyframe,200,4,304,352.0
congested,reset-at-keyframe,200,4,523,534.0
congested,reset-at-keyframe,200,4,524,941.0
congested,reset-at-keyframe,200,4,525,975.0
congested,reset-at-keyframe,200,5,267,419.0
congested,reset-at-keyframe,200,5,268,1035.0
congested,reset-at-keyframe,200,5,296,705.0
congested,reset-at-keyframe,200,5,297,663.0
congested,reset-at-keyframe,200,5,298,714.0
congested,reset-at-keyframe,200,5,299,1061.0
congested,reset-at-keyframe,200,5,300,994.0
congested,reset-at-keyframe,200,5,301,1000.0
congested,reset-at-keyframe,200,5,302,1011.0
congested,reset-at-keyframe,200,5,303,1000.0
congested,reset-at-keyframe,200,5,304,353.0
congested,reset-at-keyframe,200,5,523,532.0
congested,reset-at-keyframe,200,5,524,940.0
congested,reset-at-keyframe,200,5,525,976.0
congested,reset-at-keyframe,200,6,267,418.0
congested,reset-at-keyframe,200,6,268,1035.0
congested,reset-at-keyframe,200,6,296,704.0
congested,reset-at-keyframe,200,6,297,663.0
congested,reset-at-keyframe,200,6,298,715.0
congested,reset-at-keyframe,200,6,299,1059.0
congested,reset-at-keyframe,200,6,300,996.0
congested,reset-at-keyframe,200,6,301,1000.0
congested,reset-at-keyframe,200,6,302,1010.0
congested,reset-at-keyframe,200,6,303,1000.0
congested,reset-at-keyframe,200,6,304,352.0
congested,reset-at-keyframe,200,6,523,533.0
congested,reset-at-keyframe,200,6,524,940.0
congested,reset-at-keyframe,200,6,525,975.0
congested,reset-at-keyframe,200,7,267,419.0
congested,reset-at-keyframe,200,7,268,1036.0
congested,reset-at-keyframe,200,7,296,704.0
congested,reset-at-keyframe,200,7,297,664.0
congested,reset-at-keyframe,200,7,298,714.0
congested,reset-at-keyframe,200,7,299,1059.0
congested,reset-at-keyframe,200,7,300,997.0
congested,reset-at-keyframe,200,7,301,999.0
congested,reset-at-keyframe,200,7,302,1012.0
congested,reset-at-keyframe,200,7,303,1000.0
congested,reset-at-keyframe,200,7,304,352.0
congested,reset-at-keyframe,200,7,523,532.0
congested,reset-at-keyframe,200,7,524,940.0
congested,reset-at-keyframe,200,7,525,976.0
congested,reset-at-keyframe,200,8,267,414.0
congested,reset-at-keyframe,200,8,268,1036.0
congested,reset-at-keyframe,200,8,296,669.0
congested,reset-at-keyframe,200,8,297,652.0
congested,reset-at-keyframe,200,8,298,774.0
congested,reset-at-keyframe,200,8,299,1059.0
congested,reset-at-keyframe,200,8,300,995.0
congested,reset-at-keyframe,200,8,301,1000.0
congested,reset-at-keyframe,200,8,302,1023.0
congested,reset-at-keyframe,200,8,303,976.0
congested,reset-at-keyframe,200,8,304,364.0
congested,reset-at-keyframe,200,8,523,532.0
congested,reset-at-keyframe,200,8,524,940.0
congested,reset-at-keyframe,200,8,525,976.0
congested,reset-at-keyframe,200,9,267,418.0
congested,reset-at-keyframe,200,9,268,1035.0
congested,reset-at-keyframe,200,9,296,704.0
congested,reset-at-keyframe,200,9,297,665.0
congested,reset-at-keyframe,200,9,298,714.0
congested,reset-at-keyframe,200,9,299,1059.0
congested,reset-at-keyframe,200,9,300,996.0
congested,reset-at-keyframe,200,9,301,1000.0
congested,reset-at-keyframe,200,9,302,1012.0
congested,reset-at-keyframe,200,9,303,999.0
congested,reset-at-keyframe,200,9,304,351.0
congested,reset-at-keyframe,200,9,523,533.0
congested,reset-at-keyframe,200,9,524,940.0
congested,reset-at-keyframe,200,9,525,976.0
congested,reset-at-keyframe,200,10,267,417.0
congested,reset-at-keyframe,200,10,268,1035.0
congested,reset-at-keyframe,200,10,296,704.0
congested,reset-at-keyframe,200,10,297,663.0
congested,reset-at-keyframe,200,10,298,715.0
congested,reset-at-keyframe,200,10,299,1060.0
congested,reset-at-keyframe,200,10,300,996.0
congested,reset-at-keyframe,200,10,301,1001.0
congested,reset-at-keyframe,200,10,302,1010.0
congested,reset-at-keyframe,200,10,303,999.0
congested,reset-at-keyframe,200,10,304,352.0
congested,reset-at-keyframe,200,10,523,533.0
congested,reset-at-keyframe,200,10,524,939.0
congested,reset-at-keyframe,200,10,525,976.0
congested,reset-at-keyframe,500,1,284,438.0
congested,reset-at-keyframe,500,1,285,558.0
congested,reset-at-keyframe,500,1,315,686.0
congested,reset-at-keyframe,500,1,316,653.0
congested,reset-at-keyframe,500,1,317,733.0
congested,reset-at-keyframe,500,1,347,768.0
congested,reset-at-keyframe,500,1,348,897.0
congested,reset-at-keyframe,500,1,349,911.0
congested,reset-at-keyframe,500,1,350,925.0
congested,reset-at-keyframe,500,1,351,918.0
congested,reset-at-keyframe,500,1,352,340.0
congested,reset-at-keyframe,500,1,601,808.0
congested,reset-at-keyframe,500,1,602,766.0
congested,reset-at-keyframe,500,2,284,435.0
congested,reset-at-keyframe,500,2,285,558.0
congested,reset-at-keyframe,500,2,315,686.0
congested,reset-at-keyframe,500,2,316,653.0
congested,reset-at-keyframe,500,2,317,733.0
congested,reset-at-keyframe,500,2,347,769.0
congested,reset-at-keyframe,500,2,348,896.0
congested,reset-at-keyframe,500,2,349,911.0
congested,reset-at-keyframe,500,2,350,926.0
congested,reset-at-keyframe,500,2,351,918.0
congested,reset-at-keyframe,500,2,352,340.0
congested,reset-at-keyframe,500,2,601,808.0
congested,reset-at-keyframe,500,2,602,767.0
congested,reset-at-keyframe,500,3,284,436.0
congested,reset-at-keyframe,500,3,285,558.0
congested,reset-at-keyframe,500,3,315,687.0
congested,reset-at-keyframe,500,3,316,664.0
congested,reset-at-keyframe,500,3,317,709.0
congested,reset-at-keyframe,500,3,347,768.0
congested,reset-at-keyframe,500,3,348,897.0
congested,reset-at-keyframe,500,3,349,912.0
congested,reset-at-keyframe,500,3,350,937.0
congested,reset-at-keyframe,500,3,351,906.0
congested,reset-at-keyframe,500,3,352,316.0
congested,reset-at-keyframe,500,3,601,761.0
congested,reset-at-keyframe,500,3,602,791.0
congested,reset-at-keyframe,500,4,284,466.0
congested,reset-at-keyframe,500,4,285,550.0
congested,reset-at-keyframe,500,4,315,686.0
congested,reset-at-keyframe,500,4,316,653.0
congested,reset-at-keyframe,500,4,317,733.0
congested,reset-at-keyframe,500,4,347,768.0
congested,reset-at-keyframe,500,4,348,896.0
congested,reset-at-keyframe,500,4,349,911.0
congested,reset-at-keyframe,500,4,350,926.0
congested,reset-at-keyframe,500,4,351,906.0
congested,reset-at-keyframe,500,4,352,329.0
congested,reset-at-keyframe,500,4,601,784.0
congested,reset-at-keyframe,500,4,602,767.0
congested,reset-at-keyframe,500,5,284,454.0
congested,reset-at-keyframe,500,5,285,562.0
congested,reset-at-keyframe,500,5,315,687.0
congested,reset-at-keyframe,500,5,316,652.0
congested,reset-at-keyframe,500,5,317,733.0
congested,reset-at-keyframe,500,5,347,769.0
congested,reset-at-keyframe,500,5,348,884.0
congested,reset-at-keyframe,500,5,349,923.0
congested,reset-at-keyframe,500,5,350,925.0
congested,reset-at-keyframe,500,5,351,918.0
congested,reset-at-keyframe,500,5,352,293.0
congested,reset-at-keyframe,500,5,600,796.0
congested,reset-at-keyframe,500,5,601,766.0
congested,reset-at-keyframe,500,6,284,437.0
congested,reset-at-keyframe,500,6,285,558.0
congested,reset-at-keyframe,500,6,315,686.0
congested,reset-at-keyframe,500,6,316,652.0
congested,reset-at-keyframe,500,6,317,733.0
congested,reset-at-keyframe,500,6,347,768.0
congested,reset-at-keyframe,500,6,348,897.0
congested,reset-at-keyframe,500,6,349,911.0
congested,reset-at-keyframe,500,6,350,925.0
congested,reset-at-keyframe,500,6,351,919.0
congested,reset-at-keyframe,500,6,352,340.0
congested,reset-at-keyframe,500,6,601,809.0
congested,reset-at-keyframe,500,6,602,767.0
congested,reset-at-keyframe,500,7,267,418.0
congested,reset-at-keyframe,500,7,297,548.0
congested,reset-at-keyframe,500,7,298,665.0
congested,reset-at-keyframe,500,7,328,660.0
congested,reset-at-keyframe,500,7,329,697.0
congested,reset-at-keyframe,500,7,330,772.0
congested,reset-at-keyframe,500,7,356,590.0
congested,reset-at-keyframe,500,7,357,912.0
congested,reset-at-keyframe,500,7,358,937.0
congested,reset-at-keyframe,500,7,359,906.0
congested,reset-at-keyframe,500,7,360,351.0
congested,reset-at-keyframe,500,7,579,243.0
congested,reset-at-keyframe,500,7,609,809.0
congested,reset-at-keyframe,500,7,610,778.0
congested,reset-at-keyframe,500,8,284,437.0
congested,reset-at-keyframe,500,8,285,559.0
congested,reset-at-keyframe,500,8,315,687.0
congested,reset-at-keyframe,500,8,316,652.0
congested,reset-at-keyframe,500,8,317,733.0
congested,reset-at-keyframe,500,8,347,768.0
congested,reset-at-keyframe,500,8,348,885.0
congested,reset-at-keyframe,500,8,349,923.0
congested,reset-at-keyframe,500,8,350,937.0
congested,reset-at-keyframe,500,8,351,906.0
congested,reset-at-keyframe,500,8,352,351.0
congested,reset-at-keyframe,500,8,601,773.0
congested,reset-at-keyframe,500,8,602,779.0
congested,reset-at-keyframe,500,9,284,435.0
congested,reset-at-keyframe,500,9,285,558.0
congested,reset-at-keyframe,500,9,315,687.0
congested,reset-at-keyframe,500,9,316,653.0
congested,reset-at-keyframe,500,9,317,733.0
congested,reset-at-keyframe,500,9,347,768.0
congested,reset-at-keyframe,500,9,348,897.0
congested,reset-at-keyframe,500,9,349,912.0
congested,reset-at-keyframe,500,9,350,925.0
congested,reset-at-keyframe,500,9,351,919.0
congested,reset-at-keyframe,500,9,352,340.0
congested,reset-at-keyframe,500,9,600,808.0
congested,reset-at-keyframe,500,9,601,768.0
congested,reset-at-keyframe,500,10,284,436.0
congested,reset-at-keyframe,500,10,285,558.0
congested,reset-at-keyframe,500,10,315,687.0
congested,reset-at-keyframe,500,10,316,652.0
congested,reset-at-keyframe,500,10,317,733.0
congested,reset-at-keyframe,500,10,347,768.0
congested,reset-at-keyframe,500,10,348,885.0
congested,reset-at-keyframe,500,10,349,923.0
congested,reset-at-keyframe,500,10,350,925.0
congested,reset-at-keyframe,500,10,351,918.0
congested,reset-at-keyframe,500,10,352,352.0
congested,reset-at-keyframe,500,10,601,785.0
congested,reset-at-keyframe,500,10,602,767.0
congested,reset-at-keyframe,1000,1,296,515.0
congested,reset-at-keyframe,1000,1,297,558.0
congested,reset-at-keyframe,1000,1,327,663.0
congested,reset-at-keyframe,1000,1,328,652.0
congested,reset-at-keyframe,1000,1,329,698.0
congested,reset-at-keyframe,1000,1,359,780.0
congested,reset-at-keyframe,1000,1,360,909.0
congested,reset-at-keyframe,1000,1,361,910.0
congested,reset-at-keyframe,1000,1,362,925.0
congested,reset-at-keyframe,1000,1,363,881.0
congested,reset-at-keyframe,1000,1,364,375.0
congested,reset-at-keyframe,1000,1,613,458.0
congested,reset-at-keyframe,1000,1,614,791.0
congested,reset-at-keyframe,1000,2,296,515.0
congested,reset-at-keyframe,1000,2,297,557.0
congested,reset-at-keyframe,1000,2,327,663.0
congested,reset-at-keyframe,1000,2,328,653.0
congested,reset-at-keyframe,1000,2,329,696.0
congested,reset-at-keyframe,1000,2,359,780.0
congested,reset-at-keyframe,1000,2,360,909.0
congested,reset-at-keyframe,1000,2,361,910.0
congested,reset-at-keyframe,1000,2,362,925.0
congested,reset-at-keyframe,1000,2,363,881.0
congested,reset-at-keyframe,1000,2,364,375.0
congested,reset-at-keyframe,1000,2,613,458.0
congested,reset-at-keyframe,1000,2,614,791.0
congested,reset-at-keyframe,1000,3,296,515.0
congested,reset-at-keyframe,1000,3,297,558.0
congested,reset-at-keyframe,1000,3,327,663.0
congested,reset-at-keyframe,1000,3,328,653.0
congested,reset-at-keyframe,1000,3,329,698.0
congested,reset-at-keyframe,1000,3,359,780.0
congested,reset-at-keyframe,1000,3,360,909.0
congested,reset-at-keyframe,1000,3,361,910.0
congested,reset-at-keyframe,1000,3,362,925.0
congested,reset-at-keyframe,1000,3,363,882.0
congested,reset-at-keyframe,1000,3,364,376.0
congested,reset-at-keyframe,1000,3,613,472.0
congested,reset-at-keyframe,1000,3,614,791.0
congested,reset-at-keyframe,1000,4,296,514.0
congested,reset-at-keyframe,1000,4,297,558.0
congested,reset-at-keyframe,1000,4,327,663.0
congested,reset-at-keyframe,1000,4,328,652.0
congested,reset-at-keyframe,1000,4,329,697.0
congested,reset-at-keyframe,1000,4,359,780.0
congested,reset-at-keyframe,1000,4,360,908.0
congested,reset-at-keyframe,1000,4,361,910.0
congested,reset-at-keyframe,1000,4,362,925.0
congested,reset-at-keyframe,1000,4,363,881.0
congested,reset-at-keyframe,1000,4,364,375.0
congested,reset-at-keyframe,1000,4,613,457.0
congested,reset-at-keyframe,1000,4,614,791.0
congested,reset-at-keyframe,1000,5,296,515.0
congested,reset-at-keyframe,1000,5,297,558.0
congested,reset-at-keyframe,1000,5,327,663.0
congested,reset-at-keyframe,1000,5,328,652.0
congested,reset-at-keyframe,1000,5,329,697.0
congested,reset-at-keyframe,1000,5,359,780.0
congested,reset-at-keyframe,1000,5,360,909.0
congested,reset-at-keyframe,1000,5,361,910.0
congested,reset-at-keyframe,1000,5,362,925.0
congested,reset-at-keyframe,1000,5,363,882.0
congested,reset-at-keyframe,1000,5,364,376.0
congested,reset-at-keyframe,1000,5,613,456.0
congested,reset-at-keyframe,1000,5,614,791.0
congested,reset-at-keyframe,1000,6,296,516.0
congested,reset-at-keyframe,1000,6,297,557.0
congested,reset-at-keyframe,1000,6,327,663.0
congested,reset-at-keyframe,1000,6,328,652.0
congested,reset-at-keyframe,1000,6,329,697.0
congested,reset-at-keyframe,1000,6,359,780.0
congested,reset-at-keyframe,1000,6,360,909.0
congested,reset-at-keyframe,1000,6,361,910.0
congested,reset-at-keyframe,1000,6,362,925.0
congested,reset-at-keyframe,1000,6,363,882.0
congested,reset-at-keyframe,1000,6,364,376.0
congested,reset-at-keyframe,1000,6,613,457.0
congested,reset-at-keyframe,1000,6,614,791.0
congested,reset-at-keyframe,1000,7,296,514.0
congested,reset-at-keyframe,1000,7,297,558.0
congested,reset-at-keyframe,1000,7,327,663.0
congested,reset-at-keyframe,1000,7,328,652.0
congested,reset-at-keyframe,1000,7,329,697.0
congested,reset-at-keyframe,1000,7,359,780.0
congested,reset-at-keyframe,1000,7,360,909.0
congested,reset-at-keyframe,1000,7,361,910.0
congested,reset-at-keyframe,1000,7,362,925.0
congested,reset-at-keyframe,1000,7,363,881.0
congested,reset-at-keyframe,1000,7,364,375.0
congested,reset-at-keyframe,1000,7,613,458.0
congested,reset-at-keyframe,1000,7,614,791.0
congested,reset-at-keyframe,1000,8,296,515.0
congested,reset-at-keyframe,1000,8,297,558.0
congested,reset-at-keyframe,1000,8,327,663.0
congested,reset-at-keyframe,1000,8,328,652.0
congested,reset-at-keyframe,1000,8,329,697.0
congested,reset-at-keyframe,1000,8,359,780.0
congested,reset-at-keyframe,1000,8,360,908.0
congested,reset-at-keyframe,1000,8,361,910.0
congested,reset-at-keyframe,1000,8,362,925.0
congested,reset-at-keyframe,1000,8,363,882.0
congested,reset-at-keyframe,1000,8,364,376.0
congested,reset-at-keyframe,1000,8,613,458.0
congested,reset-at-keyframe,1000,8,614,790.0
congested,reset-at-keyframe,1000,9,296,515.0
congested,reset-at-keyframe,1000,9,297,557.0
congested,reset-at-keyframe,1000,9,327,663.0
congested,reset-at-keyframe,1000,9,328,652.0
congested,reset-at-keyframe,1000,9,329,697.0
congested,reset-at-keyframe,1000,9,359,780.0
congested,reset-at-keyframe,1000,9,360,909.0
congested,reset-at-keyframe,1000,9,361,910.0
congested,reset-at-keyframe,1000,9,362,925.0
congested,reset-at-keyframe,1000,9,363,882.0
congested,reset-at-keyframe,1000,9,364,376.0
congested,reset-at-keyframe,1000,9,613,457.0
congested,reset-at-keyframe,1000,9,614,790.0
congested,reset-at-keyframe,1000,10,296,515.0
congested,reset-at-keyframe,1000,10,297,558.0
congested,reset-at-keyframe,1000,10,327,662.0
congested,reset-at-keyframe,1000,10,328,653.0
congested,reset-at-keyframe,1000,10,329,697.0
congested,reset-at-keyframe,1000,10,359,780.0
congested,reset-at-keyframe,1000,10,360,909.0
congested,reset-at-keyframe,1000,10,361,910.0
congested,reset-at-keyframe,1000,10,362,924.0
congested,reset-at-keyframe,1000,10,363,882.0
congested,reset-at-keyframe,1000,10,364,375.0
congested,reset-at-keyframe,1000,10,613,457.0
congested,reset-at-keyframe,1000,10,614,791.0
congested,reset-at-object,100,1,266,452.0
congested,reset-at-object,100,1,267,1035.0
congested,reset-at-object,100,1,268,1106.0
congested,reset-at-object,100,1,269,999.0
congested,reset-at-object,100,1,270,1046.0
congested,reset-at-object,100,1,271,1059.0
congested,reset-at-object,100,1,272,997.0
congested,reset-at-object,100,1,273,999.0
congested,reset-at-object,100,1,274,1024.0
congested,reset-at-object,100,1,275,988.0
congested,reset-at-object,100,1,276,352.0
congested,reset-at-object,100,1,277,945.0
congested,reset-at-object,100,1,466,588.0
congested,reset-at-object,100,1,467,941.0
congested,reset-at-object,100,1,468,975.0
congested,reset-at-object,100,2,266,451.0
congested,reset-at-object,100,2,267,1035.0
congested,reset-at-object,100,2,268,1106.0
congested,reset-at-object,100,2,269,999.0
congested,reset-at-object,100,2,270,1049.0
congested,reset-at-object,100,2,271,1057.0
congested,reset-at-object,100,2,272,997.0
congested,reset-at-object,100,2,273,1000.0
congested,reset-at-object,100,2,274,1022.0
congested,reset-at-object,100,2,275,989.0
congested,reset-at-object,100,2,276,352.0
congested,reset-at-object,100,2,277,944.0
congested,reset-at-object,100,2,466,588.0
congested,reset-at-object,100,2,467,941.0
congested,reset-at-object,100,2,468,976.0
congested,reset-at-object,100,3,266,468.0
congested,reset-at-object,100,3,267,1035.0
congested,reset-at-object,100,3,268,1106.0
congested,reset-at-object,100,3,269,999.0
congested,reset-at-object,100,3,270,1047.0
congested,reset-at-object,100,3,271,1059.0
congested,reset-at-object,100,3,272,996.0
congested,reset-at-object,100,3,273,1000.0
congested,reset-at-object,100,3,274,1022.0
congested,reset-at-object,100,3,275,988.0
congested,reset-at-object,100,3,276,352.0
congested,reset-at-object,100,3,277,944.0
congested,reset-at-object,100,3,337,217.0
congested,reset-at-object,100,3,466,438.0
congested,reset-at-object,100,3,467,940.0
congested,reset-at-object,100,3,468,977.0
congested,reset-at-object,100,4,266,453.0
congested,reset-at-object,100,4,267,1035.0
congested,reset-at-object,100,4,268,1107.0
congested,reset-at-object,100,4,269,999.0
congested,reset-at-object,100,4,270,1047.0
congested,reset-at-object,100,4,271,1059.0
congested,reset-at-object,100,4,272,996.0
congested,reset-at-object,100,4,273,999.0
congested,reset-at-object,100,4,274,1023.0
congested,reset-at-object,100,4,275,988.0
congested,reset-at-object,100,4,276,352.0
congested,reset-at-object,100,4,277,944.0
congested,reset-at-object,100,4,466,588.0
congested,reset-at-object,100,4,467,941.0
congested,reset-at-object,100,4,468,976.0
congested,reset-at-object,100,5,266,452.0
congested,reset-at-object,100,5,267,1036.0
congested,reset-at-object,100,5,268,1106.0
congested,reset-at-object,100,5,269,999.0
congested,reset-at-object,100,5,270,1048.0
congested,reset-at-object,100,5,271,1059.0
congested,reset-at-object,100,5,272,996.0
congested,reset-at-object,100,5,273,999.0
congested,reset-at-object,100,5,274,1023.0
congested,reset-at-object,100,5,275,987.0
congested,reset-at-object,100,5,276,352.0
congested,reset-at-object,100,5,277,944.0
congested,reset-at-object,100,5,466,589.0
congested,reset-at-object,100,5,467,940.0
congested,reset-at-object,100,5,468,976.0
congested,reset-at-object,100,6,266,450.0
congested,reset-at-object,100,6,267,1035.0
congested,reset-at-object,100,6,268,1106.0
congested,reset-at-object,100,6,269,999.0
congested,reset-at-object,100,6,270,1048.0
congested,reset-at-object,100,6,271,1059.0
congested,reset-at-object,100,6,272,997.0
congested,reset-at-object,100,6,273,999.0
congested,reset-at-object,100,6,274,1022.0
congested,reset-at-object,100,6,275,988.0
congested,reset-at-object,100,6,276,352.0
congested,reset-at-object,100,6,277,945.0
congested,reset-at-object,100,6,466,587.0
congested,reset-at-object,100,6,467,940.0
congested,reset-at-object,100,6,468,976.0
congested,reset-at-object,100,7,266,451.0
congested,reset-at-object,100,7,267,1036.0
congested,reset-at-object,100,7,268,1105.0
congested,reset-at-object,100,7,269,999.0
congested,reset-at-object,100,7,270,1048.0
congested,reset-at-object,100,7,271,1058.0
congested,reset-at-object,100,7,272,996.0
congested,reset-at-object,100,7,273,1000.0
congested,reset-at-object,100,7,274,1022.0
congested,reset-at-object,100,7,275,988.0
congested,reset-at-object,100,7,276,352.0
congested,reset-at-object,100,7,277,944.0
congested,reset-at-object,100,7,466,588.0
congested,reset-at-object,100,7,467,940.0
congested,reset-at-object,100,7,468,976.0
congested,reset-at-object,100,8,266,467.0
congested,reset-at-object,100,8,267,1035.0
congested,reset-at-object,100,8,268,1106.0
congested,reset-at-object,100,8,269,1000.0
congested,reset-at-object,100,8,270,1047.0
congested,reset-at-object,100,8,271,1059.0
congested,reset-at-object,100,8,272,997.0
congested,reset-at-object,100,8,273,999.0
congested,reset-at-object,100,8,274,1024.0
congested,reset-at-object,100,8,275,987.0
congested,reset-at-object,100,8,276,352.0
congested,reset-at-object,100,8,277,944.0
congested,reset-at-object,100,8,466,589.0
congested,reset-at-object,100,8,467,940.0
congested,reset-at-object,100,8,468,977.0
congested,reset-at-object,100,9,266,449.0
congested,reset-at-object,100,9,267,1035.0
congested,reset-at-object,100,9,268,1109.0
congested,reset-at-object,100,9,269,998.0
congested,reset-at-object,100,9,270,1046.0
congested,reset-at-object,100,9,271,1059.0
congested,reset-at-object,100,9,272,997.0
congested,reset-at-object,100,9,273,1000.0
congested,reset-at-object,100,9,274,1024.0
congested,reset-at-object,100,9,275,986.0
congested,reset-at-object,100,9,276,352.0
congested,reset-at-object,100,9,277,945.0
congested,reset-at-object,100,9,466,587.0
congested,reset-at-object,100,9,467,940.0
congested,reset-at-object,100,9,468,976.0
congested,reset-at-object,100,10,266,468.0
congested,reset-at-object,100,10,267,1035.0
congested,reset-at-object,100,10,268,1106.0
congested,reset-at-object,100,10,269,999.0
congested,reset-at-object,100,10,270,1047.0
congested,reset-at-object,100,10,271,1059.0
congested,reset-at-object,100,10,272,997.0
congested,reset-at-object,100,10,273,999.0
congested,reset-at-object,100,10,274,1023.0
congested,reset-at-object,100,10,275,988.0
congested,reset-at-object,100,10,276,352.0
congested,reset-at-object,100,10,277,944.0
congested,reset-at-object,100,10,466,590.0
congested,reset-at-object,100,10,467,939.0
congested,reset-at-object,100,10,468,976.0
congested,reset-at-object,200,1,267,418.0
congested,reset-at-object,200,1,268,1035.0
congested,reset-at-object,200,1,297,661.0
congested,reset-at-object,200,1,298,664.0
congested,reset-at-object,200,1,299,710.0
congested,reset-at-object,200,1,300,1056.0
congested,reset-at-object,200,1,301,998.0
congested,reset-at-object,200,1,302,1010.0
congested,reset-at-object,200,1,303,999.0
congested,reset-at-object,200,1,304,1000.0
congested,reset-at-object,200,1,305,352.0
congested,reset-at-object,200,1,524,533.0
congested,reset-at-object,200,1,525,940.0
congested,reset-at-object,200,1,526,976.0
congested,reset-at-object,200,2,267,419.0
congested,reset-at-object,200,2,268,1035.0
congested,reset-at-object,200,2,297,662.0
congested,reset-at-object,200,2,298,665.0
congested,reset-at-object,200,2,299,709.0
congested,reset-at-object,200,2,300,1054.0
congested,reset-at-object,200,2,301,998.0
congested,reset-at-object,200,2,302,1010.0
congested,reset-at-object,200,2,303,999.0
congested,reset-at-object,200,2,304,999.0
congested,reset-at-object,200,2,305,352.0
congested,reset-at-object,200,2,524,533.0
congested,reset-at-object,200,2,525,940.0
congested,reset-at-object,200,2,526,976.0
congested,reset-at-object,200,3,267,418.0
congested,reset-at-object,200,3,268,1036.0
congested,reset-at-object,200,3,297,661.0
congested,reset-at-object,200,3,298,664.0
congested,reset-at-object,200,3,299,709.0
congested,reset-at-object,200,3,300,1056.0
congested,reset-at-object,200,3,301,997.0
congested,reset-at-object,200,3,302,1011.0
congested,reset-at-object,200,3,303,1001.0
congested,reset-at-object,200,3,304,998.0
congested,reset-at-object,200,3,305,352.0
congested,reset-at-object,200,3,524,533.0
congested,reset-at-object,200,3,525,940.0
congested,reset-at-object,200,3,526,975.0
congested,reset-at-object,200,4,267,418.0
congested,reset-at-object,200,4,268,1035.0
congested,reset-at-object,200,4,297,661.0
congested,reset-at-object,200,4,298,663.0
congested,reset-at-object,200,4,299,709.0
congested,reset-at-object,200,4,300,1058.0
congested,reset-at-object,200,4,301,996.0
congested,reset-at-object,200,4,302,1011.0
congested,reset-at-object,200,4,303,999.0
congested,reset-at-object,200,4,304,999.0
congested,reset-at-object,200,4,305,352.0
congested,reset-at-object,200,4,524,549.0
congested,reset-at-object,200,4,525,940.0
congested,reset-at-object,200,4,526,976.0
congested,reset-at-object,200,5,267,419.0
congested,reset-at-object,200,5,268,1035.0
congested,reset-at-object,200,5,297,661.0
congested,reset-at-object,200,5,298,664.0
congested,reset-at-object,200,5,299,709.0
congested,reset-at-object,200,5,300,1056.0
congested,reset-at-object,200,5,301,998.0
congested,reset-at-object,200,5,302,1011.0
congested,reset-at-object,200,5,303,999.0
congested,reset-at-object,200,5,304,1000.0
congested,reset-at-object,200,5,305,352.0
congested,reset-at-object,200,5,524,533.0
congested,reset-at-object,200,5,525,940.0
congested,reset-at-object,200,5,526,977.0
congested,reset-at-object,200,6,267,417.0
congested,reset-at-object,200,6,268,1035.0
congested,reset-at-object,200,6,297,662.0
congested,reset-at-object,200,6,298,664.0
congested,reset-at-object,200,6,299,709.0
congested,reset-at-object,200,6,300,1056.0
congested,reset-at-object,200,6,301,997.0
congested,reset-at-object,200,6,302,1013.0
congested,reset-at-object,200,6,303,998.0
congested,reset-at-object,200,6,304,1000.0
congested,reset-at-object,200,6,305,352.0
congested,reset-at-object,200,6,524,532.0
congested,reset-at-object,200,6,525,940.0
congested,reset-at-object,200,6,526,976.0
congested,reset-at-object,200,7,267,417.0
congested,reset-at-object,200,7,268,1036.0
congested,reset-at-object,200,7,297,661.0
congested,reset-at-object,200,7,298,664.0
congested,reset-at-object,200,7,299,709.0
congested,reset-at-object,200,7,300,1057.0
congested,reset-at-object,200,7,301,997.0
congested,reset-at-object,200,7,302,1012.0
congested,reset-at-object,200,7,303,999.0
congested,reset-at-object,200,7,304,999.0
congested,reset-at-object,200,7,305,352.0
congested,reset-at-object,200,7,524,533.0
congested,reset-at-object,200,7,525,940.0
congested,reset-at-object,200,7,526,976.0
congested,reset-at-object,200,8,267,418.0
congested,reset-at-object,200,8,268,1035.0
congested,reset-at-object,200,8,297,661.0
congested,reset-at-object,200,8,298,664.0
congested,reset-at-object,200,8,299,709.0
congested,reset-at-object,200,8,300,1055.0
congested,reset-at-object,200,8,301,997.0
congested,reset-at-object,200,8,302,1011.0
congested,reset-at-object,200,8,303,1000.0
congested,reset-at-object,200,8,304,999.0
congested,reset-at-object,200,8,305,352.0
congested,reset-at-object,200,8,524,534.0
congested,reset-at-object,200,8,525,939.0
congested,reset-at-object,200,8,526,977.0
congested,reset-at-object,200,9,267,434.0
congested,reset-at-object,200,9,268,1036.0
congested,reset-at-object,200,9,297,661.0
congested,reset-at-object,200,9,298,664.0
congested,reset-at-object,200,9,299,709.0
congested,reset-at-object,200,9,300,1056.0
congested,reset-at-object,200,9,301,997.0
congested,reset-at-object,200,9,302,1011.0
congested,reset-at-object,200,9,303,999.0
congested,reset-at-object,200,9,304,999.0
congested,reset-at-object,200,9,305,352.0
congested,reset-at-object,200,9,524,533.0
congested,reset-at-object,200,9,525,941.0
congested,reset-at-object,200,9,526,976.0
congested,reset-at-object,200,10,267,419.0
congested,reset-at-object,200,10,268,1035.0
congested,reset-at-object,200,10,296,668.0
congested,reset-at-object,200,10,297,652.0
congested,reset-at-object,200,10,298,774.0
congested,reset-at-object,200,10,299,1059.0
congested,reset-at-object,200,10,300,997.0
congested,reset-at-object,200,10,301,999.0
congested,reset-at-object,200,10,302,1024.0
congested,reset-at-object,200,10,303,974.0
congested,reset-at-object,200,10,304,365.0
congested,reset-at-object,200,10,523,532.0
congested,reset-at-object,200,10,524,941.0
congested,reset-at-object,200,10,525,975.0
congested,reset-at-object,500,1,284,436.0
congested,reset-at-object,500,1,285,558.0
congested,reset-at-object,500,1,315,686.0
congested,reset-at-object,500,1,316,654.0
congested,reset-at-object,500,1,317,734.0
congested,reset-at-object,500,1,347,768.0
congested,reset-at-object,500,1,348,897.0
congested,reset-at-object,500,1,349,912.0
congested,reset-at-object,500,1,350,925.0
congested,reset-at-object,500,1,351,918.0
congested,reset-at-object,500,1,352,340.0
congested,reset-at-object,500,1,601,808.0
congested,reset-at-object,500,1,602,767.0
congested,reset-at-object,500,2,284,437.0
congested,reset-at-object,500,2,285,559.0
congested,reset-at-object,500,2,315,687.0
congested,reset-at-object,500,2,316,652.0
congested,reset-at-object,500,2,317,733.0
congested,reset-at-object,500,2,347,768.0
congested,reset-at-object,500,2,348,896.0
congested,reset-at-object,500,2,349,911.0
congested,reset-at-object,500,2,350,925.0
congested,reset-at-object,500,2,351,919.0
congested,reset-at-object,500,2,352,340.0
congested,reset-at-object,500,2,601,809.0
congested,reset-at-object,500,2,602,767.0
congested,reset-at-object,500,3,284,437.0
congested,reset-at-object,500,3,285,558.0
congested,reset-at-object,500,3,315,686.0
congested,reset-at-object,500,3,316,652.0
congested,reset-at-object,500,3,317,734.0
congested,reset-at-object,500,3,347,769.0
congested,reset-at-object,500,3,348,896.0
congested,reset-at-object,500,3,349,911.0
congested,reset-at-object,500,3,350,926.0
congested,reset-at-object,500,3,351,919.0
congested,reset-at-object,500,3,352,339.0
congested,reset-at-object,500,3,601,808.0
congested,reset-at-object,500,3,602,767.0
congested,reset-at-object,500,4,284,438.0
congested,reset-at-object,500,4,285,558.0
congested,reset-at-object,500,4,315,663.0
congested,reset-at-object,500,4,316,653.0
congested,reset-at-object,500,4,317,733.0
congested,reset-at-object,500,4,347,769.0
congested,reset-at-object,500,4,348,897.0
congested,reset-at-object,500,4,349,911.0
congested,reset-at-object,500,4,350,925.0
congested,reset-at-object,500,4,351,918.0
congested,reset-at-object,500,4,352,328.0
congested,reset-at-object,500,4,601,808.0
congested,reset-at-object,500,4,602,767.0
congested,reset-at-object,500,5,284,436.0
congested,reset-at-object,500,5,285,558.0
congested,reset-at-object,500,5,315,686.0
congested,reset-at-object,500,5,316,653.0
congested,reset-at-object,500,5,317,733.0
congested,reset-at-object,500,5,347,769.0
congested,reset-at-object,500,5,348,897.0
congested,reset-at-object,500,5,349,910.0
congested,reset-at-object,500,5,350,925.0
congested,reset-at-object,500,5,351,919.0
congested,reset-at-object,500,5,352,339.0
congested,reset-at-object,500,5,601,808.0
congested,reset-at-object,500,5,602,767.0
congested,reset-at-object,500,6,284,435.0
congested,reset-at-object,500,6,285,558.0
congested,reset-at-object,500,6,315,687.0
congested,reset-at-object,500,6,316,652.0
congested,reset-at-object,500,6,317,733.0
congested,reset-at-object,500,6,347,768.0
congested,reset-at-object,500,6,348,897.0
congested,reset-at-object,500,6,349,910.0
congested,reset-at-object,500,6,350,926.0
congested,reset-at-object,500,6,351,918.0
congested,reset-at-object,500,6,352,339.0
congested,reset-at-object,500,6,601,808.0
congested,reset-at-object,500,6,602,766.0
congested,reset-at-object,500,7,267,417.0
congested,reset-at-object,500,7,297,549.0
congested,reset-at-object,500,7,298,665.0
congested,reset-at-object,500,7,328,660.0
congested,reset-at-object,500,7,329,696.0
congested,reset-at-object,500,7,330,772.0
congested,reset-at-object,500,7,356,590.0
congested,reset-at-object,500,7,357,912.0
congested,reset-at-object,500,7,358,938.0
congested,reset-at-object,500,7,359,906.0
congested,reset-at-object,500,7,360,351.0
congested,reset-at-object,500,7,579,244.0
congested,reset-at-object,500,7,595,110.0
congested,reset-at-object,500,7,608,809.0
congested,reset-at-object,500,7,609,778.0
congested,reset-at-object,500,8,284,438.0
congested,reset-at-object,500,8,285,558.0
congested,reset-at-object,500,8,315,687.0
congested,reset-at-object,500,8,316,652.0
congested,reset-at-object,500,8,317,734.0
congested,reset-at-object,500,8,347,768.0
congested,reset-at-object,500,8,348,885.0
congested,reset-at-object,500,8,349,923.0
congested,reset-at-object,500,8,350,925.0
congested,reset-at-object,500,8,351,919.0
congested,reset-at-object,500,8,352,351.0
congested,reset-at-object,500,8,601,785.0
congested,reset-at-object,500,8,602,767.0
congested,reset-at-object,500,9,284,436.0
congested,reset-at-object,500,9,285,559.0
congested,reset-at-object,500,9,315,686.0
congested,reset-at-object,500,9,316,653.0
congested,reset-at-object,500,9,317,733.0
congested,reset-at-object,500,9,347,769.0
congested,reset-at-object,500,9,348,896.0
congested,reset-at-object,500,9,349,911.0
congested,reset-at-object,500,9,350,925.0
congested,reset-at-object,500,9,351,919.0
congested,reset-at-object,500,9,352,340.0
congested,reset-at-object,500,9,601,797.0
congested,reset-at-object,500,9,602,766.0
congested,reset-at-object,500,10,284,436.0
congested,reset-at-object,500,10,285,558.0
congested,reset-at-object,500,10,315,686.0
congested,reset-at-object,500,10,316,652.0
congested,reset-at-object,500,10,317,733.0
congested,reset-at-object,500,10,347,769.0
congested,reset-at-object,500,10,348,896.0
congested,reset-at-object,500,10,349,911.0
congested,reset-at-object,500,10,350,925.0
congested,reset-at-object,500,10,351,918.0
congested,reset-at-object,500,10,352,340.0
congested,reset-at-object,500,10,601,808.0
congested,reset-at-object,500,10,602,766.0
congested,reset-at-object,1000,1,296,514.0
congested,reset-at-object,1000,1,297,558.0
congested,reset-at-object,1000,1,327,675.0
congested,reset-at-object,1000,1,328,640.0
congested,reset-at-object,1000,1,329,708.0
congested,reset-at-object,1000,1,359,756.0
congested,reset-at-object,1000,1,360,897.0
congested,reset-at-object,1000,1,361,923.0
congested,reset-at-object,1000,1,362,889.0
congested,reset-at-object,1000,1,363,917.0
congested,reset-at-object,1000,1,364,352.0
congested,reset-at-object,1000,1,613,491.0
congested,reset-at-object,1000,1,614,766.0
congested,reset-at-object,1000,2,296,515.0
congested,reset-at-object,1000,2,297,557.0
congested,reset-at-object,1000,2,327,663.0
congested,reset-at-object,1000,2,328,652.0
congested,reset-at-object,1000,2,329,698.0
congested,reset-at-object,1000,2,359,780.0
congested,reset-at-object,1000,2,360,909.0
congested,reset-at-object,1000,2,361,911.0
congested,reset-at-object,1000,2,362,924.0
congested,reset-at-object,1000,2,363,882.0
congested,reset-at-object,1000,2,364,375.0
congested,reset-at-object,1000,2,613,472.0
congested,reset-at-object,1000,2,614,790.0
congested,reset-at-object,1000,3,296,515.0
congested,reset-at-object,1000,3,297,557.0
congested,reset-at-object,1000,3,327,663.0
congested,reset-at-object,1000,3,328,652.0
congested,reset-at-object,1000,3,329,698.0
congested,reset-at-object,1000,3,359,780.0
congested,reset-at-object,1000,3,360,909.0
congested,reset-at-object,1000,3,361,911.0
congested,reset-at-object,1000,3,362,925.0
congested,reset-at-object,1000,3,363,882.0
congested,reset-at-object,1000,3,364,375.0
congested,reset-at-object,1000,3,613,456.0
congested,reset-at-object,1000,3,614,792.0
congested,reset-at-object,1000,4,296,494.0
congested,reset-at-object,1000,4,297,585.0
congested,reset-at-object,1000,4,327,667.0
congested,reset-at-object,1000,4,328,656.0
congested,reset-at-object,1000,4,329,737.0
congested,reset-at-object,1000,4,358,756.0
congested,reset-at-object,1000,4,359,909.0
congested,reset-at-object,1000,4,360,851.0
congested,reset-at-object,1000,4,361,984.0
congested,reset-at-object,1000,4,362,881.0
congested,reset-at-object,1000,4,363,352.0
congested,reset-at-object,1000,4,612,442.0
congested,reset-at-object,1000,4,613,779.0
congested,reset-at-object,1000,5,296,515.0
congested,reset-at-object,1000,5,297,558.0
congested,reset-at-object,1000,5,327,663.0
congested,reset-at-object,1000,5,328,652.0
congested,reset-at-object,1000,5,329,698.0
congested,reset-at-object,1000,5,359,780.0
congested,reset-at-object,1000,5,360,909.0
congested,reset-at-object,1000,5,361,910.0
congested,reset-at-object,1000,5,362,924.0
congested,reset-at-object,1000,5,363,882.0
congested,reset-at-object,1000,5,364,375.0
congested,reset-at-object,1000,5,613,457.0
congested,reset-at-object,1000,5,614,790.0
congested,reset-at-object,1000,6,296,516.0
congested,reset-at-object,1000,6,297,557.0
congested,reset-at-object,1000,6,327,663.0
congested,reset-at-object,1000,6,328,664.0
congested,reset-at-object,1000,6,329,685.0
congested,reset-at-object,1000,6,359,769.0
congested,reset-at-object,1000,6,360,908.0
congested,reset-at-object,1000,6,361,911.0
congested,reset-at-object,1000,6,362,889.0
congested,reset-at-object,1000,6,363,941.0
congested,reset-at-object,1000,6,364,340.0
congested,reset-at-object,1000,6,613,481.0
congested,reset-at-object,1000,6,614,779.0
congested,reset-at-object,1000,7,296,517.0
congested,reset-at-object,1000,7,297,561.0
congested,reset-at-object,1000,7,327,678.0
congested,reset-at-object,1000,7,328,657.0
congested,reset-at-object,1000,7,329,689.0
congested,reset-at-object,1000,7,359,760.0
congested,reset-at-object,1000,7,360,908.0
congested,reset-at-object,1000,7,361,875.0
congested,reset-at-object,1000,7,362,972.0
congested,reset-at-object,1000,7,363,894.0
congested,reset-at-object,1000,7,364,339.0
congested,reset-at-object,1000,7,613,439.0
congested,reset-at-object,1000,7,614,768.0
congested,reset-at-object,1000,8,296,515.0
congested,reset-at-object,1000,8,297,558.0
congested,reset-at-object,1000,8,327,662.0
congested,reset-at-object,1000,8,328,664.0
congested,reset-at-object,1000,8,329,685.0
congested,reset-at-object,1000,8,359,770.0
congested,reset-at-object,1000,8,360,909.0
congested,reset-at-object,1000,8,361,910.0
congested,reset-at-object,1000,8,362,889.0
congested,reset-at-object,1000,8,363,942.0
congested,reset-at-object,1000,8,364,339.0
congested,reset-at-object,1000,8,613,488.0
congested,reset-at-object,1000,8,614,767.0
congested,reset-at-object,1000,9,296,514.0
congested,reset-at-object,1000,9,297,557.0
congested,reset-at-object,1000,9,327,675.0
congested,reset-at-object,1000,9,328,640.0
congested,reset-at-object,1000,9,329,709.0
congested,reset-at-object,1000,9,359,756.0
congested,reset-at-object,1000,9,360,897.0
congested,reset-at-object,1000,9,361,923.0
congested,reset-at-object,1000,9,362,890.0
congested,reset-at-object,1000,9,363,917.0
congested,reset-at-object,1000,9,364,352.0
congested,reset-at-object,1000,9,613,491.0
congested,reset-at-object,1000,9,614,766.0
congested,reset-at-object,1000,10,296,514.0
congested,reset-at-object,1000,10,297,557.0
congested,reset-at-object,1000,10,327,663.0
congested,reset-at-object,1000,10,328,652.0
congested,reset-at-object,1000,10,329,697.0
congested,reset-at-object,1000,10,359,780.0
congested,reset-at-object,1000,10,360,908.0
congested,reset-at-object,1000,10,361,911.0
congested,reset-at-object,1000,10,362,925.0
congested,reset-at-object,1000,10,363,881.0
congested,reset-at-object,1000,10,364,376.0
congested,reset-at-object,1000,10,613,456.0
congested,reset-at-object,1000,10,614,791.0
congested,reset-stream,100,1,265,7733.0
congested,reset-stream,100,1,266,3308.0
congested,reset-stream,100,1,455,589.0
congested,reset-stream,100,2,264,7765.0
congested,reset-stream,100,2,265,3308.0
congested,reset-stream,100,2,454,589.0
congested,reset-stream,100,3,265,7729.0
congested,reset-stream,100,3,266,3308.0
congested,reset-stream,100,3,455,589.0
congested,reset-stream,100,4,265,7731.0
congested,reset-stream,100,4,266,3308.0
congested,reset-stream,100,4,455,589.0
congested,reset-stream,100,5,265,7730.0
congested,reset-stream,100,5,266,3308.0
congested,reset-stream,100,5,455,588.0
congested,reset-stream,100,6,264,11073.0
congested,reset-stream,100,6,453,588.0
congested,reset-stream,100,7,262,6819.0
congested,reset-stream,100,7,263,1011.0
congested,reset-stream,100,7,264,2000.0
congested,reset-stream,100,7,265,1309.0
congested,reset-stream,100,7,454,589.0
congested,reset-stream,100,8,237,3550.0
congested,reset-stream,100,8,238,3106.0
congested,reset-stream,100,8,239,997.0
congested,reset-stream,100,8,240,4321.0
congested,reset-stream,100,8,429,588.0
congested,reset-stream,100,9,264,7778.0
congested,reset-stream,100,9,265,3308.0
congested,reset-stream,100,9,454,588.0
congested,reset-stream,100,10,263,7797.0
congested,reset-stream,100,10,264,1999.0
congested,reset-stream,100,10,265,1308.0
congested,reset-stream,100,10,454,588.0
congested,reset-stream,200,1,266,1488.0
congested,reset-stream,200,1,294,7497.0
congested,reset-stream,200,1,513,540.0
congested,reset-stream,200,2,266,1488.0
congested,reset-stream,200,2,294,7498.0
congested,reset-stream,200,2,513,540.0
congested,reset-stream,200,3,266,1503.0
congested,reset-stream,200,3,294,7497.0
congested,reset-stream,200,3,513,540.0
congested,reset-stream,200,4,266,1488.0
congested,reset-stream,200,4,294,7498.0
congested,reset-stream,200,4,513,540.0
congested,reset-stream,200,5,266,1487.0
congested,reset-stream,200,5,294,7498.0
congested,reset-stream,200,5,513,540.0
congested,reset-stream,200,6,266,1503.0
congested,reset-stream,200,6,294,7498.0
congested,reset-stream,200,6,513,539.0
congested,reset-stream,200,7,266,1505.0
congested,reset-stream,200,7,295,5101.0
congested,reset-stream,200,7,296,1011.0
congested,reset-stream,200,7,297,1345.0
congested,reset-stream,200,7,516,540.0
congested,reset-stream,200,8,266,1503.0
congested,reset-stream,200,8,294,7497.0
congested,reset-stream,200,8,513,540.0
congested,reset-stream,200,9,266,1504.0
congested,reset-stream,200,9,294,7496.0
congested,reset-stream,200,9,513,540.0
congested,reset-stream,200,10,266,1486.0
congested,reset-stream,200,10,294,7497.0
congested,reset-stream,200,10,513,539.0
congested,reset-stream,500,1,284,983.0
congested,reset-stream,500,1,314,650.0
congested,reset-stream,500,1,315,653.0
congested,reset-stream,500,1,316,732.0
congested,reset-stream,500,1,346,768.0
congested,reset-stream,500,1,347,896.0
congested,reset-stream,500,1,348,911.0
congested,reset-stream,500,1,349,913.0
congested,reset-stream,500,1,350,1240.0
congested,reset-stream,500,2,284,995.0
congested,reset-stream,500,2,314,686.0
congested,reset-stream,500,2,315,652.0
congested,reset-stream,500,2,316,733.0
congested,reset-stream,500,2,346,768.0
congested,reset-stream,500,2,347,897.0
congested,reset-stream,500,2,348,911.0
congested,reset-stream,500,2,349,926.0
congested,reset-stream,500,2,350,906.0
congested,reset-stream,500,2,351,353.0
congested,reset-stream,500,2,600,1569.0
congested,reset-stream,500,3,284,982.0
congested,reset-stream,500,3,314,2041.0
congested,reset-stream,500,3,344,768.0
congested,reset-stream,500,3,345,897.0
congested,reset-stream,500,3,346,911.0
congested,reset-stream,500,3,347,889.0
congested,reset-stream,500,3,348,1287.0
congested,reset-stream,500,3,597,796.0
congested,reset-stream,500,3,598,779.0
congested,reset-stream,500,4,284,980.0
congested,reset-stream,500,4,314,650.0
congested,reset-stream,500,4,315,653.0
congested,reset-stream,500,4,316,733.0
congested,reset-stream,500,4,346,768.0
congested,reset-stream,500,4,347,897.0
congested,reset-stream,500,4,348,911.0
congested,reset-stream,500,4,349,914.0
congested,reset-stream,500,4,350,1239.0
congested,reset-stream,500,5,284,982.0
congested,reset-stream,500,5,314,651.0
congested,reset-stream,500,5,315,652.0
congested,reset-stream,500,5,316,733.0
congested,reset-stream,500,5,346,768.0
congested,reset-stream,500,5,347,897.0
congested,reset-stream,500,5,348,911.0
congested,reset-stream,500,5,349,914.0
congested,reset-stream,500,5,350,1240.0
congested,reset-stream,500,5,599,808.0
congested,reset-stream,500,5,600,755.0
congested,reset-stream,500,6,267,417.0
congested,reset-stream,500,6,297,1204.0
congested,reset-stream,500,6,322,115.0
congested,reset-stream,500,6,327,1337.0
congested,reset-stream,500,6,328,785.0
congested,reset-stream,500,6,354,1493.0
congested,reset-stream,500,6,355,2186.0
congested,reset-stream,500,6,574,281.0
congested,reset-stream,500,6,604,820.0
congested,reset-stream,500,7,284,986.0
congested,reset-stream,500,7,314,650.0
congested,reset-stream,500,7,315,652.0
congested,reset-stream,500,7,316,721.0
congested,reset-stream,500,7,346,768.0
congested,reset-stream,500,7,347,885.0
congested,reset-stream,500,7,348,923.0
congested,reset-stream,500,7,349,925.0
congested,reset-stream,500,7,350,906.0
congested,reset-stream,500,7,351,340.0
congested,reset-stream,500,7,599,1544.0
congested,reset-stream,500,8,284,986.0
congested,reset-stream,500,8,314,651.0
congested,reset-stream,500,8,315,653.0
congested,reset-stream,500,8,316,732.0
congested,reset-stream,500,8,346,769.0
congested,reset-stream,500,8,347,896.0
congested,reset-stream,500,8,348,911.0
congested,reset-stream,500,8,349,914.0
congested,reset-stream,500,8,350,1239.0
congested,reset-stream,500,9,284,983.0
congested,reset-stream,500,9,314,651.0
congested,reset-stream,500,9,315,652.0
congested,reset-stream,500,9,316,733.0
congested,reset-stream,500,9,344,126.0
congested,reset-stream,500,9,346,729.0
congested,reset-stream,500,9,347,898.0
congested,reset-stream,500,9,348,911.0
congested,reset-stream,500,9,349,914.0
congested,reset-stream,500,9,350,1239.0
congested,reset-stream,500,10,284,983.0
congested,reset-stream,500,10,314,2018.0
congested,reset-stream,500,10,343,781.0
congested,reset-stream,500,10,344,884.0
congested,reset-stream,500,10,345,923.0
congested,reset-stream,500,10,346,913.0
congested,reset-stream,500,10,347,918.0
congested,reset-stream,500,10,348,364.0
congested,reset-stream,500,10,597,797.0
congested,reset-stream,500,10,598,779.0
congested,reset-stream,1000,1,296,515.0
congested,reset-stream,1000,1,297,569.0
congested,reset-stream,1000,1,327,663.0
congested,reset-stream,1000,1,328,1352.0
congested,reset-stream,1000,1,358,792.0
congested,reset-stream,1000,1,359,1764.0
congested,reset-stream,1000,1,360,1851.0
congested,reset-stream,1000,1,361,351.0
congested,reset-stream,1000,1,610,501.0
congested,reset-stream,1000,1,611,791.0
congested,reset-stream,1000,2,296,503.0
congested,reset-stream,1000,2,297,557.0
congested,reset-stream,1000,2,327,662.0
congested,reset-stream,1000,2,328,664.0
congested,reset-stream,1000,2,329,721.0
congested,reset-stream,1000,2,359,780.0
congested,reset-stream,1000,2,360,885.0
congested,reset-stream,1000,2,361,923.0
congested,reset-stream,1000,2,362,889.0
congested,reset-stream,1000,2,363,942.0
congested,reset-stream,1000,2,364,339.0
congested,reset-stream,1000,2,613,479.0
congested,reset-stream,1000,2,614,779.0
congested,reset-stream,1000,3,296,1060.0
congested,reset-stream,1000,3,326,663.0
congested,reset-stream,1000,3,327,652.0
congested,reset-stream,1000,3,328,686.0
congested,reset-stream,1000,3,358,756.0
congested,reset-stream,1000,3,359,1800.0
congested,reset-stream,1000,3,360,1815.0
congested,reset-stream,1000,3,361,351.0
congested,reset-stream,1000,3,610,1291.0
congested,reset-stream,1000,4,296,516.0
congested,reset-stream,1000,4,297,569.0
congested,reset-stream,1000,4,327,662.0
congested,reset-stream,1000,4,328,1353.0
congested,reset-stream,1000,4,358,792.0
congested,reset-stream,1000,4,359,1764.0
congested,reset-stream,1000,4,360,1851.0
congested,reset-stream,1000,4,361,370.0
congested,reset-stream,1000,4,610,483.0
congested,reset-stream,1000,4,611,791.0
congested,reset-stream,1000,5,296,1061.0
congested,reset-stream,1000,5,326,663.0
congested,reset-stream,1000,5,327,652.0
congested,reset-stream,1000,5,328,685.0
congested,reset-stream,1000,5,358,756.0
congested,reset-stream,1000,5,359,1800.0
congested,reset-stream,1000,5,360,1815.0
congested,reset-stream,1000,5,361,351.0
congested,reset-stream,1000,5,610,1277.0
congested,reset-stream,1000,6,296,1061.0
congested,reset-stream,1000,6,326,663.0
congested,reset-stream,1000,6,327,652.0
congested,reset-stream,1000,6,328,685.0
congested,reset-stream,1000,6,358,755.0
congested,reset-stream,1000,6,359,1799.0
congested,reset-stream,1000,6,360,1815.0
congested,reset-stream,1000,6,361,351.0
congested,reset-stream,1000,6,610,1277.0
congested,reset-stream,1000,7,296,516.0
congested,reset-stream,1000,7,297,561.0
congested,reset-stream,1000,7,327,1324.0
congested,reset-stream,1000,7,328,699.0
congested,reset-stream,1000,7,358,761.0
congested,reset-stream,1000,7,359,904.0
congested,reset-stream,1000,7,360,1805.0
congested,reset-stream,1000,7,361,1263.0
congested,reset-stream,1000,7,610,444.0
congested,reset-stream,1000,7,611,779.0
congested,reset-stream,1000,8,296,1061.0
congested,reset-stream,1000,8,326,663.0
congested,reset-stream,1000,8,327,652.0
congested,reset-stream,1000,8,328,686.0
congested,reset-stream,1000,8,358,756.0
congested,reset-stream,1000,8,359,1799.0
congested,reset-stream,1000,8,360,1815.0
congested,reset-stream,1000,8,361,351.0
congested,reset-stream,1000,8,610,1275.0
congested,reset-stream,1000,9,296,1061.0
congested,reset-stream,1000,9,326,662.0
congested,reset-stream,1000,9,327,652.0
congested,reset-stream,1000,9,328,685.0
congested,reset-stream,1000,9,358,756.0
congested,reset-stream,1000,9,359,1799.0
congested,reset-stream,1000,9,360,1815.0
congested,reset-stream,1000,9,361,352.0
congested,reset-stream,1000,9,610,1277.0
congested,reset-stream,1000,10,296,1061.0
congested,reset-stream,1000,10,326,663.0
congested,reset-stream,1000,10,327,652.0
congested,reset-stream,1000,10,328,684.0
congested,reset-stream,1000,10,358,756.0
congested,reset-stream,1000,10,359,1799.0
congested,reset-stream,1000,10,360,1814.0
congested,reset-stream,1000,10,361,352.0
congested,reset-stream,1000,10,610,1275.0
lossy,reset-at-keyframe,100,1,327,172.0
lossy,reset-at-keyframe,100,1,328,961.0
lossy,reset-at-keyframe,100,1,329,992.0
lossy,reset-at-keyframe,100,1,330,862.0
lossy,reset-at-keyframe,100,1,331,959.0
lossy,reset-at-keyframe,100,1,332,1000.0
lossy,reset-at-keyframe,100,1,333,1040.0
lossy,reset-at-keyframe,100,1,334,714.0
lossy,reset-at-keyframe,100,1,552,201.0
lossy,reset-at-keyframe,100,1,553,956.0
lossy,reset-at-keyframe,100,1,554,995.0
lossy,reset-at-keyframe,100,2,298,1000.0
lossy,reset-at-keyframe,100,2,299,969.0
lossy,reset-at-keyframe,100,2,330,1010.0
lossy,reset-at-keyframe,100,2,331,868.0
lossy,reset-at-keyframe,100,2,332,1094.0
lossy,reset-at-keyframe,100,2,333,1149.0
lossy,reset-at-keyframe,100,2,334,895.0
lossy,reset-at-keyframe,100,2,335,625.0
lossy,reset-at-keyframe,100,2,552,232.0
lossy,reset-at-keyframe,100,2,553,985.0
lossy,reset-at-keyframe,100,2,554,1055.0
lossy,reset-at-keyframe,100,3,388,1015.0
lossy,reset-at-keyframe,100,3,389,928.0
lossy,reset-at-keyframe,100,3,390,958.0
lossy,reset-at-keyframe,100,3,391,956.0
lossy,reset-at-keyframe,100,3,392,1000.0
lossy,reset-at-keyframe,100,3,393,756.0
lossy,reset-at-keyframe,100,3,612,218.0
lossy,reset-at-keyframe,100,3,613,1112.0
lossy,reset-at-keyframe,100,3,614,937.0
lossy,reset-at-keyframe,100,4,327,123.0
lossy,reset-at-keyframe,100,4,328,1000.0
lossy,reset-at-keyframe,100,4,329,999.0
lossy,reset-at-keyframe,100,4,330,960.0
lossy,reset-at-keyframe,100,4,331,868.0
lossy,reset-at-keyframe,100,4,332,1002.0
lossy,reset-at-keyframe,100,4,333,1032.0
lossy,reset-at-keyframe,100,4,334,976.0
lossy,reset-at-keyframe,100,4,335,749.0
lossy,reset-at-keyframe,100,4,553,251.0
lossy,reset-at-keyframe,100,4,554,958.0
lossy,reset-at-keyframe,100,4,555,990.0
lossy,reset-at-keyframe,100,5,268,960.0
lossy,reset-at-keyframe,100,5,328,106.0
lossy,reset-at-keyframe,100,5,359,1000.0
lossy,reset-at-keyframe,100,5,360,918.0
lossy,reset-at-keyframe,100,5,361,992.0
lossy,reset-at-keyframe,100,5,362,1055.0
lossy,reset-at-keyframe,100,5,363,1102.0
lossy,reset-at-keyframe,100,5,364,577.0
lossy,reset-at-keyframe,100,5,454,116.0
lossy,reset-at-keyframe,100,5,455,948.0
lossy,reset-at-keyframe,100,5,514,116.0
lossy,reset-at-keyframe,100,5,515,899.0
lossy,reset-at-keyframe,100,5,524,250.0
lossy,reset-at-keyframe,100,5,525,1053.0
lossy,reset-at-keyframe,100,5,526,946.0
lossy,reset-at-keyframe,100,6,297,124.0
lossy,reset-at-keyframe,100,6,298,1003.0
lossy,reset-at-keyframe,100,6,299,975.0
lossy,reset-at-keyframe,100,6,300,967.0
lossy,reset-at-keyframe,100,6,301,1112.0
lossy,reset-at-keyframe,100,6,302,854.0
lossy,reset-at-keyframe,100,6,303,949.0
lossy,reset-at-keyframe,100,6,304,959.0
lossy,reset-at-keyframe,100,6,305,991.0
lossy,reset-at-keyframe,100,6,306,765.0
lossy,reset-at-keyframe,100,6,525,163.0
lossy,reset-at-keyframe,100,6,526,964.0
lossy,reset-at-keyframe,100,6,527,1029.0
lossy,reset-at-keyframe,100,7,297,134.0
lossy,reset-at-keyframe,100,7,298,945.0
lossy,reset-at-keyframe,100,7,299,949.0
lossy,reset-at-keyframe,100,7,300,1009.0
lossy,reset-at-keyframe,100,7,301,1040.0
lossy,reset-at-keyframe,100,7,302,867.0
lossy,reset-at-keyframe,100,7,303,951.0
lossy,reset-at-keyframe,100,7,304,998.0
lossy,reset-at-keyframe,100,7,305,1022.0
lossy,reset-at-keyframe,100,7,550,194.0
lossy,reset-at-keyframe,100,7,551,912.0
lossy,reset-at-keyframe,100,7,552,1042.0
lossy,reset-at-keyframe,100,8,297,133.0
lossy,reset-at-keyframe,100,8,298,1017.0
lossy,reset-at-keyframe,100,8,299,982.0
lossy,reset-at-keyframe,100,8,300,1003.0
lossy,reset-at-keyframe,100,8,301,996.0
lossy,reset-at-keyframe,100,8,302,952.0
lossy,reset-at-keyframe,100,8,303,917.0
lossy,reset-at-keyframe,100,8,304,1051.0
lossy,reset-at-keyframe,100,8,305,996.0
lossy,reset-at-keyframe,100,8,306,679.0
lossy,reset-at-keyframe,100,8,352,151.0
lossy,reset-at-keyframe,100,8,517,499.0
lossy,reset-at-keyframe,100,8,518,864.0
lossy,reset-at-keyframe,100,8,519,985.0
lossy,reset-at-keyframe,100,9,268,959.0
lossy,reset-at-keyframe,100,9,298,128.0
lossy,reset-at-keyframe,100,9,299,994.0
lossy,reset-at-keyframe,100,9,300,1014.0
lossy,reset-at-keyframe,100,9,301,1052.0
lossy,reset-at-keyframe,100,9,302,863.0
lossy,reset-at-keyframe,100,9,303,951.0
lossy,reset-at-keyframe,100,9,304,983.0
lossy,reset-at-keyframe,100,9,305,1015.0
lossy,reset-at-keyframe,100,9,422,1000.0
lossy,reset-at-keyframe,100,9,423,950.0
lossy,reset-at-keyframe,100,9,492,216.0
lossy,reset-at-keyframe,100,9,493,908.0
lossy,reset-at-keyframe,100,9,494,1118.0
lossy,reset-at-keyframe,100,10,238,991.0
lossy,reset-at-keyframe,100,10,239,1000.0
lossy,reset-at-keyframe,100,10,240,963.0
lossy,reset-at-keyframe,100,10,270,109.0
lossy,reset-at-keyframe,100,10,271,994.0
lossy,reset-at-keyframe,100,10,272,873.0
lossy,reset-at-keyframe,100,10,273,993.0
lossy,reset-at-keyframe,100,10,274,1017.0
lossy,reset-at-keyframe,100,10,305,757.0
lossy,reset-at-keyframe,100,10,462,104.0
lossy,reset-at-keyframe,100,10,524,185.0
lossy,reset-at-keyframe,100,10,525,1000.0
lossy,reset-at-keyframe,100,10,526,999.0
lossy,reset-at-keyframe,200,1,327,171.0
lossy,reset-at-keyframe,200,1,328,950.0
lossy,reset-at-keyframe,200,1,387,127.0
lossy,reset-at-keyframe,200,1,413,105.0
lossy,reset-at-keyframe,200,1,414,949.0
lossy,reset-at-keyframe,200,1,415,949.0
lossy,reset-at-keyframe,200,1,720,203.0
lossy,reset-at-keyframe,200,1,721,814.0
lossy,reset-at-keyframe,200,2,417,120.0
lossy,reset-at-keyframe,200,2,504,948.0
lossy,reset-at-keyframe,200,2,749,166.0
lossy,reset-at-keyframe,200,2,750,949.0
lossy,reset-at-keyframe,200,3,473,158.0
lossy,reset-at-keyframe,200,3,779,909.0
lossy,reset-at-keyframe,200,4,357,121.0
lossy,reset-at-keyframe,200,4,387,118.0
lossy,reset-at-keyframe,200,4,418,866.0
lossy,reset-at-keyframe,200,4,479,949.0
lossy,reset-at-keyframe,200,4,724,117.0
lossy,reset-at-keyframe,200,4,725,907.0
lossy,reset-at-keyframe,200,4,755,110.0
lossy,reset-at-keyframe,200,5,473,219.0
lossy,reset-at-keyframe,200,5,474,900.0
lossy,reset-at-keyframe,200,5,590,144.0
lossy,reset-at-keyframe,200,5,591,821.0
lossy,reset-at-keyframe,200,5,720,252.0
lossy,reset-at-keyframe,200,5,721,950.0
lossy,reset-at-keyframe,200,5,722,1002.0
lossy,reset-at-keyframe,200,6,448,1002.0
lossy,reset-at-keyframe,200,6,449,1116.0
lossy,reset-at-keyframe,200,6,450,1035.0
lossy,reset-at-keyframe,200,6,451,559.0
lossy,reset-at-keyframe,200,6,670,200.0
lossy,reset-at-keyframe,200,6,671,1100.0
lossy,reset-at-keyframe,200,6,672,858.0
lossy,reset-at-keyframe,200,7,448,967.0
lossy,reset-at-keyframe,200,7,754,949.0
lossy,reset-at-keyframe,200,8,448,1000.0
lossy,reset-at-keyframe,200,8,449,1010.0
lossy,reset-at-keyframe,200,8,450,942.0
lossy,reset-at-keyframe,200,8,695,164.0
lossy,reset-at-keyframe,200,8,696,950.0
lossy,reset-at-keyframe,200,9,443,126.0
lossy,reset-at-keyframe,200,9,504,671.0
lossy,reset-at-keyframe,200,9,722,206.0
lossy,reset-at-keyframe,200,10,448,1000.0
lossy,reset-at-keyframe,200,10,449,949.0
lossy,reset-at-keyframe,200,10,450,1006.0
lossy,reset-at-keyframe,200,10,451,708.0
lossy,reset-at-keyframe,200,10,670,206.0
lossy,reset-at-object,100,1,328,993.0
lossy,reset-at-object,100,1,359,991.0
lossy,reset-at-object,100,1,360,870.0
lossy,reset-at-object,100,1,361,1020.0
lossy,reset-at-object,100,1,362,1040.0
lossy,reset-at-object,100,1,363,988.0
lossy,reset-at-object,100,1,364,712.0
lossy,reset-at-object,100,1,393,110.0
lossy,reset-at-object,100,1,483,101.0
lossy,reset-at-object,100,1,484,950.0
lossy,reset-at-object,100,1,553,359.0
lossy,reset-at-object,100,1,554,804.0
lossy,reset-at-object,100,1,555,993.0
lossy,reset-at-object,100,2,318,600.0
lossy,reset-at-object,100,2,319,857.0
lossy,reset-at-object,100,2,320,963.0
lossy,reset-at-object,100,2,321,990.0
lossy,reset-at-object,100,2,322,842.0
lossy,reset-at-object,100,2,323,1033.0
lossy,reset-at-object,100,2,324,999.0
lossy,reset-at-object,100,2,325,966.0
lossy,reset-at-object,100,2,326,799.0
lossy,reset-at-object,100,2,416,132.0
lossy,reset-at-object,100,2,417,1000.0
lossy,reset-at-object,100,2,516,268.0
lossy,reset-at-object,100,2,517,850.0
lossy,reset-at-object,100,2,518,999.0
lossy,reset-at-object,100,3,316,394.0
lossy,reset-at-object,100,3,317,995.0
lossy,reset-at-object,100,3,318,1050.0
lossy,reset-at-object,100,3,319,961.0
lossy,reset-at-object,100,3,320,924.0
lossy,reset-at-object,100,3,321,979.0
lossy,reset-at-object,100,3,322,1017.0
lossy,reset-at-object,100,3,323,1032.0
lossy,reset-at-object,100,3,324,678.0
lossy,reset-at-object,100,3,354,103.0
lossy,reset-at-object,100,3,543,217.0
lossy,reset-at-object,100,3,544,949.0
lossy,reset-at-object,100,3,545,953.0
lossy,reset-at-object,100,4,328,1001.0
lossy,reset-at-object,100,4,358,165.0
lossy,reset-at-object,100,4,359,1107.0
lossy,reset-at-object,100,4,360,761.0
lossy,reset-at-object,100,4,361,949.0
lossy,reset-at-object,100,4,362,1019.0
lossy,reset-at-object,100,4,363,1029.0
lossy,reset-at-object,100,4,364,680.0
lossy,reset-at-object,100,4,542,102.0
lossy,reset-at-object,100,4,543,898.0
lossy,reset-at-object,100,4,551,284.0
lossy,reset-at-object,100,4,552,908.0
lossy,reset-at-object,100,4,553,1002.0
lossy,reset-at-object,100,5,297,223.0
lossy,reset-at-object,100,5,298,903.0
lossy,reset-at-object,100,5,299,946.0
lossy,reset-at-object,100,5,300,999.0
lossy,reset-at-object,100,5,301,999.0
lossy,reset-at-object,100,5,302,875.0
lossy,reset-at-object,100,5,303,1041.0
lossy,reset-at-object,100,5,304,1000.0
lossy,reset-at-object,100,5,305,1000.0
lossy,reset-at-object,100,5,306,715.0
lossy,reset-at-object,100,5,525,446.0
lossy,reset-at-object,100,5,526,721.0
lossy,reset-at-object,100,5,527,954.0
lossy,reset-at-object,100,6,298,1093.0
lossy,reset-at-object,100,6,299,955.0
lossy,reset-at-object,100,6,300,994.0
lossy,reset-at-object,100,6,301,999.0
lossy,reset-at-object,100,6,302,934.0
lossy,reset-at-object,100,6,303,1089.0
lossy,reset-at-object,100,6,304,943.0
lossy,reset-at-object,100,6,305,905.0
lossy,reset-at-object,100,6,306,713.0
lossy,reset-at-object,100,6,524,201.0
lossy,reset-at-object,100,6,525,1000.0
lossy,reset-at-object,100,6,526,1006.0
lossy,reset-at-object,100,7,268,965.0
lossy,reset-at-object,100,7,359,1006.0
lossy,reset-at-object,100,7,360,910.0
lossy,reset-at-object,100,7,361,964.0
lossy,reset-at-object,100,7,362,997.0
lossy,reset-at-object,100,7,363,1037.0
lossy,reset-at-object,100,7,364,715.0
lossy,reset-at-object,100,7,457,112.0
lossy,reset-at-object,100,7,518,133.0
lossy,reset-at-object,100,7,545,898.0
lossy,reset-at-object,100,7,554,268.0
lossy,reset-at-object,100,7,555,1000.0
lossy,reset-at-object,100,7,556,949.0
lossy,reset-at-object,100,8,268,1000.0
lossy,reset-at-object,100,8,269,1050.0
lossy,reset-at-object,100,8,270,962.0
lossy,reset-at-object,100,8,271,988.0
lossy,reset-at-object,100,8,272,1016.0
lossy,reset-at-object,100,8,273,954.0
lossy,reset-at-object,100,8,274,995.0
lossy,reset-at-object,100,8,275,1000.0
lossy,reset-at-object,100,8,276,1067.0
lossy,reset-at-object,100,8,277,647.0
lossy,reset-at-object,100,8,368,1004.0
lossy,reset-at-object,100,8,369,945.0
lossy,reset-at-object,100,8,399,116.0
lossy,reset-at-object,100,8,438,168.0
lossy,reset-at-object,100,8,439,999.0
lossy,reset-at-object,100,8,440,1006.0
lossy,reset-at-object,100,9,387,120.0
lossy,reset-at-object,100,9,388,1052.0
lossy,reset-at-object,100,9,389,818.0
lossy,reset-at-object,100,9,390,1011.0
lossy,reset-at-object,100,9,391,997.0
lossy,reset-at-object,100,9,392,1002.0
lossy,reset-at-object,100,9,393,703.0
lossy,reset-at-object,100,9,484,949.0
lossy,reset-at-object,100,9,583,268.0
lossy,reset-at-object,100,9,584,905.0
lossy,reset-at-object,100,9,585,950.0
lossy,reset-at-object,100,10,4,148.0
lossy,reset-at-object,100,10,267,1026.0
lossy,reset-at-object,100,10,268,1022.0
lossy,reset-at-object,100,10,269,961.0
lossy,reset-at-object,100,10,270,988.0
lossy,reset-at-object,100,10,271,1006.0
lossy,reset-at-object,100,10,272,914.0
lossy,reset-at-object,100,10,273,1098.0
lossy,reset-at-object,100,10,274,960.0
lossy,reset-at-object,100,10,275,939.0
lossy,reset-at-object,100,10,276,715.0
lossy,reset-at-object,100,10,494,206.0
lossy,reset-at-object,100,10,495,1006.0
lossy,reset-at-object,100,10,496,999.0
lossy,reset-at-object,200,1,538,716.0
lossy,reset-at-object,200,1,757,252.0
lossy,reset-at-object,200,1,758,899.0
lossy,reset-at-object,200,1,788,116.0
lossy,reset-at-object,200,2,297,123.0
lossy,reset-at-object,200,2,327,122.0
lossy,reset-at-object,200,2,328,904.0
lossy,reset-at-object,200,2,414,105.0
lossy,reset-at-object,200,2,444,167.0
lossy,reset-at-object,200,2,445,910.0
lossy,reset-at-object,200,2,475,171.0
lossy,reset-at-object,200,2,476,625.0
lossy,reset-at-object,200,2,695,254.0
lossy,reset-at-object,200,2,696,935.0
lossy,reset-at-object,200,3,838,306.0
lossy,reset-at-object,200,4,473,180.0
lossy,reset-at-object,200,4,474,947.0
lossy,reset-at-object,200,4,749,160.0
lossy,reset-at-object,200,4,750,888.0
lossy,reset-at-object,200,5,327,139.0
lossy,reset-at-object,200,5,778,105.0
lossy,reset-at-object,200,5,779,918.0
lossy,reset-at-object,200,6,387,119.0
lossy,reset-at-object,200,6,443,158.0
lossy,reset-at-object,200,6,444,958.0
lossy,reset-at-object,200,6,445,939.0
lossy,reset-at-object,200,6,720,107.0
lossy,reset-at-object,200,6,751,949.0
lossy,reset-at-object,200,7,417,120.0
lossy,reset-at-object,200,7,503,168.0
lossy,reset-at-object,200,7,504,906.0
lossy,reset-at-object,200,7,749,109.0
lossy,reset-at-object,200,7,750,950.0
lossy,reset-at-object,200,8,448,949.0
lossy,reset-at-object,200,8,753,258.0
lossy,reset-at-object,200,8,754,840.0
lossy,reset-at-object,200,8,755,912.0
lossy,reset-at-object,200,9,783,893.0
lossy,reset-at-object,200,10,778,213.0
lossy,reset-at-object,200,10,779,929.0
lossy,reset-at-object,200,10,780,919.0
lossy,reset-stream,100,1,266,1046.0
lossy,reset-stream,100,1,296,127.0
lossy,reset-stream,100,1,297,5957.0
lossy,reset-stream,100,1,298,950.0
lossy,reset-stream,100,1,299,715.0
lossy,reset-stream,100,1,517,167.0
lossy,reset-stream,100,1,518,1006.0
lossy,reset-stream,100,2,326,3104.0
lossy,reset-stream,100,2,327,1867.0
lossy,reset-stream,100,2,328,1015.0
lossy,reset-stream,100,2,329,1812.0
lossy,reset-stream,100,2,419,104.0
lossy,reset-stream,100,2,420,949.0
lossy,reset-stream,100,2,519,275.0
lossy,reset-stream,100,3,298,1000.0
lossy,reset-stream,100,3,299,4978.0
lossy,reset-stream,100,3,300,989.0
lossy,reset-stream,100,3,301,1664.0
lossy,reset-stream,100,3,391,207.0
lossy,reset-stream,100,3,420,914.0
lossy,reset-stream,100,3,488,2167.0
lossy,reset-stream,100,4,297,2121.0
lossy,reset-stream,100,4,298,963.0
lossy,reset-stream,100,4,299,2004.0
lossy,reset-stream,100,4,300,3617.0
lossy,reset-stream,100,4,518,1218.0
lossy,reset-stream,100,5,417,4710.0
lossy,reset-stream,100,5,635,143.0
lossy,reset-stream,100,6,296,3152.0
lossy,reset-stream,100,6,297,1005.0
lossy,reset-stream,100,6,298,1824.0
lossy,reset-stream,100,6,299,987.0
lossy,reset-stream,100,6,300,1009.0
lossy,reset-stream,100,7,177,1020.0
lossy,reset-stream,100,7,208,2001.0
lossy,reset-stream,100,7,238,5019.0
lossy,reset-stream,100,7,239,2745.0
lossy,reset-stream,100,7,329,1066.0
lossy,reset-stream,100,7,427,420.0
lossy,reset-stream,100,7,428,848.0
lossy,reset-stream,100,7,429,961.0
lossy,reset-stream,100,8,327,1038.0
lossy,reset-stream,100,8,357,3121.0
lossy,reset-stream,100,8,358,2619.0
lossy,reset-stream,100,8,378,163.0
lossy,reset-stream,100,8,419,1950.0
lossy,reset-stream,100,8,518,217.0
lossy,reset-stream,100,9,356,1098.0
lossy,reset-stream,100,9,357,1916.0
lossy,reset-stream,100,9,358,1000.0
lossy,reset-stream,100,9,359,2715.0
lossy,reset-stream,100,9,386,111.0
lossy,reset-stream,100,9,389,135.0
lossy,reset-stream,100,9,577,1071.0
lossy,reset-stream,100,9,578,994.0
lossy,reset-stream,100,10,356,153.0
lossy,reset-stream,100,10,357,1999.0
lossy,reset-stream,100,10,358,1877.0
lossy,reset-stream,100,10,359,1040.0
lossy,reset-stream,100,10,360,1670.0
lossy,reset-stream,100,10,579,1152.0
lossy,reset-stream,100,10,580,999.0
lossy,reset-stream,200,1,356,206.0
lossy,reset-stream,200,1,357,947.0
lossy,reset-stream,200,1,413,3785.0
lossy,reset-stream,200,1,473,108.0
lossy,reset-stream,200,1,631,179.0
lossy,reset-stream,200,2,376,1490.0
lossy,reset-stream,200,2,402,1216.0
lossy,reset-stream,200,2,433,949.0
lossy,reset-stream,200,2,434,715.0
lossy,reset-stream,200,2,553,124.0
lossy,reset-stream,200,2,651,210.0
lossy,reset-stream,200,2,652,1007.0
lossy,reset-stream,200,3,796,571.0
lossy,reset-stream,200,4,473,1121.0
lossy,reset-stream,200,4,748,116.0
lossy,reset-stream,200,4,749,949.0
lossy,reset-stream,200,5,502,255.0
lossy,reset-stream,200,5,503,1652.0
lossy,reset-stream,200,6,532,972.0
lossy,reset-stream,200,6,750,167.0
lossy,reset-stream,200,6,751,949.0
lossy,reset-stream,200,7,357,172.0
lossy,reset-stream,200,7,417,1884.0
lossy,reset-stream,200,7,447,165.0
lossy,reset-stream,200,7,448,912.0
lossy,reset-stream,200,7,693,939.0
lossy,reset-stream,200,7,723,127.0
lossy,reset-stream,200,8,446,1025.0
lossy,reset-stream,200,8,476,1114.0
lossy,reset-stream,200,8,477,728.0
lossy,reset-stream,200,8,657,151.0
lossy,reset-stream,200,8,696,184.0
lossy,reset-stream,200,8,697,898.0
lossy,reset-stream,200,9,552,241.0
lossy,reset-stream,200,9,732,117.0
lossy,reset-stream,200,9,771,1129.0
lossy,reset-stream,200,10,356,109.0
lossy,reset-stream,200,10,386,112.0
lossy,reset-stream,200,10,416,117.0
lossy,reset-stream,200,10,441,1078.0
lossy,reset-stream,200,10,442,937.0
lossy,reset-stream,200,10,716,1063.0
severe,none,0,1,296,707.0
severe,none,0,1,322,106.0
severe,none,0,1,325,505.0
severe,none,0,1,355,675.0
severe,none,0,1,360,309.0
severe,none,0,1,385,516.0
severe,none,0,1,405,270.0
severe,none,0,1,415,562.0
severe,none,0,1,421,168.0
severe,none,0,1,445,694.0
severe,none,0,1,460,117.0
severe,none,0,1,471,594.0
severe,none,0,1,480,232.0
severe,none,0,1,492,175.0
severe,none,0,1,501,972.0
severe,none,0,1,518,208.0
severe,none,0,1,531,948.0
severe,none,0,1,543,361.0
severe,none,0,1,561,911.0
severe,none,0,1,580,271.0
severe,none,0,1,866,234.0
severe,none,0,2,291,216.0
severe,none,0,2,296,351.0
severe,none,0,2,309,217.0
severe,none,0,2,322,152.0
severe,none,0,2,326,361.0
severe,none,0,2,347,281.0
severe,none,0,2,356,586.0
severe,none,0,2,368,199.0
severe,none,0,2,386,724.0
severe,none,0,2,416,722.0
severe,none,0,2,446,780.0
severe,none,0,2,460,267.0
severe,none,0,2,472,402.0
severe,none,0,2,475,254.0
severe,none,0,2,499,101.0
severe,none,0,2,502,911.0
severe,none,0,2,519,349.0
severe,none,0,2,532,937.0
severe,none,0,2,550,110.0
severe,none,0,2,552,374.0
severe,none,0,2,562,1203.0
severe,none,0,2,588,159.0
severe,none,0,2,867,230.0
severe,none,0,2,869,247.0
severe,none,0,3,286,166.0
severe,none,0,3,296,467.0
severe,none,0,3,325,587.0
severe,none,0,3,354,638.0
severe,none,0,3,367,297.0
severe,none,0,3,384,547.0
severe,none,0,3,414,733.0
severe,none,0,3,416,340.0
severe,none,0,3,443,541.0
severe,none,0,3,461,171.0
severe,none,0,3,469,474.0
severe,none,0,3,499,910.0
severe,none,0,3,511,269.0
severe,none,0,3,518,182.0
severe,none,0,3,529,902.0
severe,none,0,3,545,267.0
severe,none,0,3,558,209.0
severe,none,0,3,559,724.0
severe,none,0,3,562,202.0
severe,none,0,3,574,145.0
severe,none,0,3,585,233.0
severe,none,0,3,864,280.0
severe,none,0,4,277,127.0
severe,none,0,4,296,468.0
severe,none,0,4,302,232.0
severe,none,0,4,326,468.0
severe,none,0,4,338,377.0
severe,none,0,4,356,573.0
severe,none,0,4,381,115.0
severe,none,0,4,386,673.0
severe,none,0,4,416,709.0
severe,none,0,4,424,335.0
severe,none,0,4,446,726.0
severe,none,0,4,472,409.0
severe,none,0,4,477,245.0
severe,none,0,4,490,109.0
severe,none,0,4,501,875.0
severe,none,0,4,512,271.0
severe,none,0,4,520,186.0
severe,none,0,4,530,913.0
severe,none,0,4,560,900.0
severe,none,0,4,574,350.0
severe,none,0,4,864,212.0
severe,none,0,4,866,248.0
severe,none,0,5,296,694.0
severe,none,0,5,326,450.0
severe,none,0,5,342,231.0
severe,none,0,5,356,664.0
severe,none,0,5,361,210.0
severe,none,0,5,386,611.0
severe,none,0,5,410,233.0
severe,none,0,5,416,678.0
severe,none,0,5,446,760.0
severe,none,0,5,447,188.0
severe,none,0,5,472,447.0
severe,none,0,5,477,223.0
severe,none,0,5,486,248.0
severe,none,0,5,493,114.0
severe,none,0,5,496,175.0
severe,none,0,5,500,910.0
severe,none,0,5,513,106.0
severe,none,0,5,516,116.0
severe,none,0,5,530,890.0
severe,none,0,5,535,282.0
severe,none,0,5,557,273.0
severe,none,0,5,558,760.0
severe,none,0,5,571,265.0
severe,none,0,5,583,189.0
severe,none,0,5,862,196.0
severe,none,0,6,274,113.0
severe,none,0,6,296,492.0
severe,none,0,6,309,160.0
severe,none,0,6,326,550.0
severe,none,0,6,337,126.0
severe,none,0,6,356,674.0
severe,none,0,6,377,311.0
severe,none,0,6,386,527.0
severe,none,0,6,404,258.0
severe,none,0,6,416,559.0
severe,none,0,6,446,721.0
severe,none,0,6,464,182.0
severe,none,0,6,472,513.0
severe,none,0,6,487,169.0
severe,none,0,6,502,910.0
severe,none,0,6,509,304.0
severe,none,0,6,523,252.0
severe,none,0,6,531,901.0
severe,none,0,6,550,289.0
severe,none,0,6,561,911.0
severe,none,0,6,587,309.0
severe,none,0,6,866,230.0
severe,none,0,7,289,102.0
severe,none,0,7,296,411.0
severe,none,0,7,326,594.0
severe,none,0,7,337,125.0
severe,none,0,7,342,104.0
severe,none,0,7,356,639.0
severe,none,0,7,360,194.0
severe,none,0,7,386,636.0
severe,none,0,7,404,261.0
severe,none,0,7,416,569.0
severe,none,0,7,446,766.0
severe,none,0,7,448,318.0
severe,none,0,7,472,338.0
severe,none,0,7,488,112.0
severe,none,0,7,502,885.0
severe,none,0,7,532,913.0
severe,none,0,7,534,437.0
severe,none,0,7,552,230.0
severe,none,0,7,562,924.0
severe,none,0,7,588,309.0
severe,none,0,7,867,219.0
severe,none,0,8,296,503.0
severe,none,0,8,311,293.0
severe,none,0,8,325,405.0
severe,none,0,8,327,243.0
severe,none,0,8,345,121.0
severe,none,0,8,355,642.0
severe,none,0,8,360,193.0
severe,none,0,8,383,163.0
severe,none,0,8,384,510.0
severe,none,0,8,406,227.0
severe,none,0,8,414,593.0
severe,none,0,8,417,221.0
severe,none,0,8,439,161.0
severe,none,0,8,444,612.0
severe,none,0,8,456,131.0
severe,none,0,8,470,527.0
severe,none,0,8,478,205.0
severe,none,0,8,498,276.0
severe,none,0,8,500,794.0
severe,none,0,8,516,288.0
severe,none,0,8,529,110.0
severe,none,0,8,530,925.0
severe,none,0,8,531,425.0
severe,none,0,8,556,106.0
severe,none,0,8,560,923.0
severe,none,0,8,586,798.0
severe,none,0,9,294,215.0
severe,none,0,9,296,377.0
severe,none,0,9,326,536.0
severe,none,0,9,356,750.0
severe,none,0,9,386,658.0
severe,none,0,9,396,337.0
severe,none,0,9,416,730.0
severe,none,0,9,446,710.0
severe,none,0,9,455,240.0
severe,none,0,9,472,418.0
severe,none,0,9,485,210.0
severe,none,0,9,494,102.0
severe,none,0,9,502,918.0
severe,none,0,9,506,283.0
severe,none,0,9,516,291.0
severe,none,0,9,530,123.0
severe,none,0,9,532,898.0
severe,none,0,9,543,366.0
severe,none,0,9,550,102.0
severe,none,0,9,562,896.0
severe,none,0,9,588,332.0
severe,none,0,9,867,383.0
severe,none,0,10,292,338.0
severe,none,0,10,296,254.0
severe,none,0,10,314,280.0
severe,none,0,10,326,412.0
severe,none,0,10,356,775.0
severe,none,0,10,381,111.0
severe,none,0,10,386,608.0
severe,none,0,10,393,182.0
severe,none,0,10,416,721.0
severe,none,0,10,446,768.0
severe,none,0,10,472,543.0
severe,none,0,10,494,101.0
severe,none,0,10,501,413.0
severe,none,0,10,502,569.0
severe,none,0,10,532,889.0
severe,none,0,10,556,310.0
severe,none,0,10,562,823.0
severe,none,0,10,570,299.0
severe,none,0,10,587,340.0
severe,reset-at-keyframe,100,1,237,301.0
severe,reset-at-keyframe,100,1,238,1094.0
severe,reset-at-keyframe,100,1,239,1047.0
severe,reset-at-keyframe,100,1,240,1070.0
severe,reset-at-keyframe,100,1,241,1023.0
severe,reset-at-keyframe,100,1,242,1035.0
severe,reset-at-keyframe,100,1,243,1083.0
severe,reset-at-keyframe,100,1,244,985.0
severe,reset-at-keyframe,100,1,245,1011.0
severe,reset-at-keyframe,100,1,246,1012.0
severe,reset-at-keyframe,100,1,247,986.0
severe,reset-at-keyframe,100,1,248,352.0
severe,reset-at-keyframe,100,1,249,956.0
severe,reset-at-keyframe,100,1,250,1049.0
severe,reset-at-keyframe,100,1,281,948.0
severe,reset-at-keyframe,100,1,282,954.0
severe,reset-at-keyframe,100,1,313,1010.0
severe,reset-at-keyframe,100,1,322,672.0
severe,reset-at-keyframe,100,1,323,1038.0
severe,reset-at-keyframe,100,1,324,914.0
severe,reset-at-keyframe,100,2,237,282.0
severe,reset-at-keyframe,100,2,238,1107.0
severe,reset-at-keyframe,100,2,239,1035.0
severe,reset-at-keyframe,100,2,240,1096.0
severe,reset-at-keyframe,100,2,241,998.0
severe,reset-at-keyframe,100,2,242,1036.0
severe,reset-at-keyframe,100,2,243,1084.0
severe,reset-at-keyframe,100,2,244,995.0
severe,reset-at-keyframe,100,2,245,975.0
severe,reset-at-keyframe,100,2,246,1048.0
severe,reset-at-keyframe,100,2,247,988.0
severe,reset-at-keyframe,100,2,248,351.0
severe,reset-at-keyframe,100,2,249,943.0
severe,reset-at-keyframe,100,2,250,994.0
severe,reset-at-keyframe,100,2,251,993.0
severe,reset-at-keyframe,100,2,252,970.0
severe,reset-at-keyframe,100,2,253,946.0
severe,reset-at-keyframe,100,2,254,1431.0
severe,reset-at-keyframe,100,2,255,544.0
severe,reset-at-keyframe,100,2,264,708.0
severe,reset-at-keyframe,100,2,265,941.0
severe,reset-at-keyframe,100,2,266,975.0
severe,reset-at-keyframe,100,3,237,282.0
severe,reset-at-keyframe,100,3,238,1094.0
severe,reset-at-keyframe,100,3,239,1035.0
severe,reset-at-keyframe,100,3,240,1107.0
severe,reset-at-keyframe,100,3,241,999.0
severe,reset-at-keyframe,100,3,242,1047.0
severe,reset-at-keyframe,100,3,243,1072.0
severe,reset-at-keyframe,100,3,244,937.0
severe,reset-at-keyframe,100,3,245,1023.0
severe,reset-at-keyframe,100,3,246,1026.0
severe,reset-at-keyframe,100,3,247,1009.0
severe,reset-at-keyframe,100,3,248,352.0
severe,reset-at-keyframe,100,3,249,951.0
severe,reset-at-keyframe,100,3,250,1004.0
severe,reset-at-keyframe,100,3,251,988.0
severe,reset-at-keyframe,100,3,252,964.0
severe,reset-at-keyframe,100,3,253,963.0
severe,reset-at-keyframe,100,3,283,102.0
severe,reset-at-keyframe,100,3,322,604.0
severe,reset-at-keyframe,100,3,323,985.0
severe,reset-at-keyframe,100,3,324,965.0
severe,reset-at-keyframe,100,4,237,288.0
severe,reset-at-keyframe,100,4,238,1105.0
severe,reset-at-keyframe,100,4,239,1023.0
severe,reset-at-keyframe,100,4,240,1094.0
severe,reset-at-keyframe,100,4,241,1012.0
severe,reset-at-keyframe,100,4,242,1047.0
severe,reset-at-keyframe,100,4,243,1059.0
severe,reset-at-keyframe,100,4,244,1010.0
severe,reset-at-keyframe,100,4,245,1010.0
severe,reset-at-keyframe,100,4,246,999.0
severe,reset-at-keyframe,100,4,247,1214.0
severe,reset-at-keyframe,100,4,248,130.0
severe,reset-at-keyframe,100,4,249,939.0
severe,reset-at-keyframe,100,4,250,988.0
severe,reset-at-keyframe,100,4,251,1023.0
severe,reset-at-keyframe,100,4,252,965.0
severe,reset-at-keyframe,100,4,256,116.0
severe,reset-at-keyframe,100,4,283,929.0
severe,reset-at-keyframe,100,4,322,646.0
severe,reset-at-keyframe,100,4,323,1089.0
severe,reset-at-keyframe,100,4,324,816.0
severe,reset-at-keyframe,100,5,237,270.0
severe,reset-at-keyframe,100,5,238,1106.0
severe,reset-at-keyframe,100,5,239,1035.0
severe,reset-at-keyframe,100,5,240,1118.0
severe,reset-at-keyframe,100,5,241,988.0
severe,reset-at-keyframe,100,5,242,1047.0
severe,reset-at-keyframe,100,5,243,1059.0
severe,reset-at-keyframe,100,5,244,997.0
severe,reset-at-keyframe,100,5,245,1016.0
severe,reset-at-keyframe,100,5,246,1008.0
severe,reset-at-keyframe,100,5,247,1000.0
severe,reset-at-keyframe,100,5,248,340.0
severe,reset-at-keyframe,100,5,249,972.0
severe,reset-at-keyframe,100,5,250,970.0
severe,reset-at-keyframe,100,5,251,1011.0
severe,reset-at-keyframe,100,5,252,965.0
severe,reset-at-keyframe,100,5,258,105.0
severe,reset-at-keyframe,100,5,283,971.0
severe,reset-at-keyframe,100,5,284,940.0
severe,reset-at-keyframe,100,5,293,660.0
severe,reset-at-keyframe,100,5,294,988.0
severe,reset-at-keyframe,100,5,295,929.0
severe,reset-at-keyframe,100,6,237,279.0
severe,reset-at-keyframe,100,6,238,1111.0
severe,reset-at-keyframe,100,6,239,1013.0
severe,reset-at-keyframe,100,6,240,1170.0
severe,reset-at-keyframe,100,6,241,935.0
severe,reset-at-keyframe,100,6,242,1058.0
severe,reset-at-keyframe,100,6,243,1072.0
severe,reset-at-keyframe,100,6,244,972.0
severe,reset-at-keyframe,100,6,245,988.0
severe,reset-at-keyframe,100,6,246,1060.0
severe,reset-at-keyframe,100,6,247,987.0
severe,reset-at-keyframe,100,6,248,351.0
severe,reset-at-keyframe,100,6,249,944.0
severe,reset-at-keyframe,100,6,250,1000.0
severe,reset-at-keyframe,100,6,280,106.0
severe,reset-at-keyframe,100,6,371,875.0
severe,reset-at-keyframe,100,6,380,674.0
severe,reset-at-keyframe,100,6,381,916.0
severe,reset-at-keyframe,100,6,382,1000.0
severe,reset-at-keyframe,100,7,237,284.0
severe,reset-at-keyframe,100,7,238,1095.0
severe,reset-at-keyframe,100,7,239,1091.0
severe,reset-at-keyframe,100,7,240,1051.0
severe,reset-at-keyframe,100,7,241,1000.0
severe,reset-at-keyframe,100,7,242,1046.0
severe,reset-at-keyframe,100,7,243,1047.0
severe,reset-at-keyframe,100,7,244,1020.0
severe,reset-at-keyframe,100,7,245,977.0
severe,reset-at-keyframe,100,7,246,1011.0
severe,reset-at-keyframe,100,7,247,999.0
severe,reset-at-keyframe,100,7,248,364.0
severe,reset-at-keyframe,100,7,249,955.0
severe,reset-at-keyframe,100,7,250,1094.0
severe,reset-at-keyframe,100,7,281,880.0
severe,reset-at-keyframe,100,7,282,976.0
severe,reset-at-keyframe,100,7,351,659.0
severe,reset-at-keyframe,100,7,352,940.0
severe,reset-at-keyframe,100,7,353,975.0
severe,reset-at-keyframe,100,8,207,167.0
severe,reset-at-keyframe,100,8,208,1163.0
severe,reset-at-keyframe,100,8,209,1039.0
severe,reset-at-keyframe,100,8,210,1046.0
severe,reset-at-keyframe,100,8,211,1047.0
severe,reset-at-keyframe,100,8,212,1070.0
severe,reset-at-keyframe,100,8,213,1036.0
severe,reset-at-keyframe,100,8,214,1060.0
severe,reset-at-keyframe,100,8,215,996.0
severe,reset-at-keyframe,100,8,216,1024.0
severe,reset-at-keyframe,100,8,217,1011.0
severe,reset-at-keyframe,100,8,218,976.0
severe,reset-at-keyframe,100,8,219,316.0
severe,reset-at-keyframe,100,8,220,993.0
severe,reset-at-keyframe,100,8,221,1000.0
severe,reset-at-keyframe,100,8,222,997.0
severe,reset-at-keyframe,100,8,223,964.0
severe,reset-at-keyframe,100,8,224,1071.0
severe,reset-at-keyframe,100,8,230,771.0
severe,reset-at-keyframe,100,8,231,992.0
severe,reset-at-keyframe,100,8,240,597.0
severe,reset-at-keyframe,100,8,241,1001.0
severe,reset-at-keyframe,100,8,242,975.0
severe,reset-at-keyframe,100,9,237,324.0
severe,reset-at-keyframe,100,9,238,1032.0
severe,reset-at-keyframe,100,9,239,1071.0
severe,reset-at-keyframe,100,9,240,1094.0
severe,reset-at-keyframe,100,9,241,999.0
severe,reset-at-keyframe,100,9,242,1049.0
severe,reset-at-keyframe,100,9,243,1060.0
severe,reset-at-keyframe,100,9,244,961.0
severe,reset-at-keyframe,100,9,245,1123.0
severe,reset-at-keyframe,100,9,246,927.0
severe,reset-at-keyframe,100,9,247,970.0
severe,reset-at-keyframe,100,9,248,377.0
severe,reset-at-keyframe,100,9,249,944.0
severe,reset-at-keyframe,100,9,250,1032.0
severe,reset-at-keyframe,100,9,251,972.0
severe,reset-at-keyframe,100,9,252,910.0
severe,reset-at-keyframe,100,9,253,1011.0
severe,reset-at-keyframe,100,9,259,869.0
severe,reset-at-keyframe,100,9,290,915.0
severe,reset-at-keyframe,100,9,291,917.0
severe,reset-at-keyframe,100,9,292,977.0
severe,reset-at-keyframe,100,10,237,274.0
severe,reset-at-keyframe,100,10,238,1118.0
severe,reset-at-keyframe,100,10,239,1035.0
severe,reset-at-keyframe,100,10,240,1106.0
severe,reset-at-keyframe,100,10,241,988.0
severe,reset-at-keyframe,100,10,242,1035.0
severe,reset-at-keyframe,100,10,243,1059.0
severe,reset-at-keyframe,100,10,244,1020.0
severe,reset-at-keyframe,100,10,245,999.0
severe,reset-at-keyframe,100,10,246,989.0
severe,reset-at-keyframe,100,10,247,1012.0
severe,reset-at-keyframe,100,10,248,329.0
severe,reset-at-keyframe,100,10,249,977.0
severe,reset-at-keyframe,100,10,250,952.0
severe,reset-at-keyframe,100,10,251,1041.0
severe,reset-at-keyframe,100,10,252,946.0
severe,reset-at-keyframe,100,10,253,975.0
severe,reset-at-keyframe,100,10,322,633.0
severe,reset-at-keyframe,100,10,323,951.0
severe,reset-at-keyframe,100,10,324,1000.0
severe,reset-at-keyframe,200,1,237,258.0
severe,reset-at-keyframe,200,1,242,290.0
severe,reset-at-keyframe,200,1,249,523.0
severe,reset-at-keyframe,200,1,250,1023.0
severe,reset-at-keyframe,200,1,251,1156.0
severe,reset-at-keyframe,200,1,252,915.0
severe,reset-at-keyframe,200,1,253,1105.0
severe,reset-at-keyframe,200,1,254,1059.0
severe,reset-at-keyframe,200,1,255,996.0
severe,reset-at-keyframe,200,1,256,988.0
severe,reset-at-keyframe,200,1,257,1024.0
severe,reset-at-keyframe,200,1,258,919.0
severe,reset-at-keyframe,200,1,259,402.0
severe,reset-at-keyframe,200,1,260,973.0
severe,reset-at-keyframe,200,1,321,929.0
severe,reset-at-keyframe,200,1,346,105.0
severe,reset-at-keyframe,200,1,350,907.0
severe,reset-at-keyframe,200,1,388,691.0
severe,reset-at-keyframe,200,1,389,915.0
severe,reset-at-keyframe,200,1,390,977.0
severe,reset-at-keyframe,200,2,237,283.0
severe,reset-at-keyframe,200,2,238,257.0
severe,reset-at-keyframe,200,2,253,433.0
severe,reset-at-keyframe,200,2,254,1012.0
severe,reset-at-keyframe,200,2,255,1142.0
severe,reset-at-keyframe,200,2,256,974.0
severe,reset-at-keyframe,200,2,257,1023.0
severe,reset-at-keyframe,200,2,258,1083.0
severe,reset-at-keyframe,200,2,259,1019.0
severe,reset-at-keyframe,200,2,260,1011.0
severe,reset-at-keyframe,200,2,261,985.0
severe,reset-at-keyframe,200,2,262,992.0
severe,reset-at-keyframe,200,2,263,342.0
severe,reset-at-keyframe,200,2,264,1087.0
severe,reset-at-keyframe,200,2,453,479.0
severe,reset-at-keyframe,200,2,454,916.0
severe,reset-at-keyframe,200,2,455,988.0
severe,reset-at-keyframe,200,3,237,366.0
severe,reset-at-keyframe,200,3,248,723.0
severe,reset-at-keyframe,200,3,249,940.0
severe,reset-at-keyframe,200,3,250,1228.0
severe,reset-at-keyframe,200,3,251,961.0
severe,reset-at-keyframe,200,3,252,1046.0
severe,reset-at-keyframe,200,3,253,1055.0
severe,reset-at-keyframe,200,3,254,1013.0
severe,reset-at-keyframe,200,3,255,976.0
severe,reset-at-keyframe,200,3,256,1047.0
severe,reset-at-keyframe,200,3,257,976.0
severe,reset-at-keyframe,200,3,258,340.0
severe,reset-at-keyframe,200,3,477,555.0
severe,reset-at-keyframe,200,3,478,1011.0
severe,reset-at-keyframe,200,3,479,905.0
severe,reset-at-keyframe,200,4,237,287.0
severe,reset-at-keyframe,200,4,238,1117.0
severe,reset-at-keyframe,200,4,239,1036.0
severe,reset-at-keyframe,200,4,240,1094.0
severe,reset-at-keyframe,200,4,241,1000.0
severe,reset-at-keyframe,200,4,242,1035.0
severe,reset-at-keyframe,200,4,243,1083.0
severe,reset-at-keyframe,200,4,244,972.0
severe,reset-at-keyframe,200,4,245,1037.0
severe,reset-at-keyframe,200,4,246,975.0
severe,reset-at-keyframe,200,4,247,1010.0
severe,reset-at-keyframe,200,4,248,364.0
severe,reset-at-keyframe,200,4,250,922.0
severe,reset-at-keyframe,200,4,371,933.0
severe,reset-at-keyframe,200,4,410,689.0
severe,reset-at-keyframe,200,4,411,917.0
severe,reset-at-keyframe,200,4,412,978.0
severe,reset-at-keyframe,200,5,237,285.0
severe,reset-at-keyframe,200,5,238,1069.0
severe,reset-at-keyframe,200,5,239,1060.0
severe,reset-at-keyframe,200,5,240,1106.0
severe,reset-at-keyframe,200,5,241,987.0
severe,reset-at-keyframe,200,5,242,1059.0
severe,reset-at-keyframe,200,5,243,1000.0
severe,reset-at-keyframe,200,5,244,1059.0
severe,reset-at-keyframe,200,5,245,949.0
severe,reset-at-keyframe,200,5,246,1070.0
severe,reset-at-keyframe,200,5,247,964.0
severe,reset-at-keyframe,200,5,248,399.0
severe,reset-at-keyframe,200,5,309,907.0
severe,reset-at-keyframe,200,5,369,135.0
severe,reset-at-keyframe,200,5,438,561.0
severe,reset-at-keyframe,200,5,439,979.0
severe,reset-at-keyframe,200,5,440,925.0
severe,reset-at-keyframe,200,6,237,286.0
severe,reset-at-keyframe,200,6,245,266.0
severe,reset-at-keyframe,200,6,252,474.0
severe,reset-at-keyframe,200,6,253,1035.0
severe,reset-at-keyframe,200,6,254,1095.0
severe,reset-at-keyframe,200,6,255,999.0
severe,reset-at-keyframe,200,6,256,1036.0
severe,reset-at-keyframe,200,6,257,1118.0
severe,reset-at-keyframe,200,6,258,961.0
severe,reset-at-keyframe,200,6,259,965.0
severe,reset-at-keyframe,200,6,260,1046.0
severe,reset-at-keyframe,200,6,261,988.0
severe,reset-at-keyframe,200,6,262,363.0
severe,reset-at-keyframe,200,6,414,108.0
severe,reset-at-keyframe,200,6,481,413.0
severe,reset-at-keyframe,200,6,482,986.0
severe,reset-at-keyframe,200,6,483,976.0
severe,reset-at-keyframe,200,7,237,286.0
severe,reset-at-keyframe,200,7,238,1106.0
severe,reset-at-keyframe,200,7,239,1016.0
severe,reset-at-keyframe,200,7,240,1114.0
severe,reset-at-keyframe,200,7,241,988.0
severe,reset-at-keyframe,200,7,242,1060.0
severe,reset-at-keyframe,200,7,243,1058.0
severe,reset-at-keyframe,200,7,244,1273.0
severe,reset-at-keyframe,200,7,245,723.0
severe,reset-at-keyframe,200,7,246,1035.0
severe,reset-at-keyframe,200,7,247,950.0
severe,reset-at-keyframe,200,7,248,390.0
severe,reset-at-keyframe,200,7,467,545.0
severe,reset-at-keyframe,200,7,468,869.0
severe,reset-at-keyframe,200,7,469,1026.0
severe,reset-at-keyframe,200,8,237,271.0
severe,reset-at-keyframe,200,8,238,1102.0
severe,reset-at-keyframe,200,8,239,1024.0
severe,reset-at-keyframe,200,8,240,1118.0
severe,reset-at-keyframe,200,8,241,988.0
severe,reset-at-keyframe,200,8,242,1058.0
severe,reset-at-keyframe,200,8,243,1356.0
severe,reset-at-keyframe,200,8,244,723.0
severe,reset-at-keyframe,200,8,245,989.0
severe,reset-at-keyframe,200,8,246,964.0
severe,reset-at-keyframe,200,8,247,1034.0
severe,reset-at-keyframe,200,8,248,425.0
severe,reset-at-keyframe,200,8,467,484.0
severe,reset-at-keyframe,200,8,468,918.0
severe,reset-at-keyframe,200,8,469,984.0
severe,reset-at-keyframe,200,9,237,283.0
severe,reset-at-keyframe,200,9,238,1109.0
severe,reset-at-keyframe,200,9,239,1009.0
severe,reset-at-keyframe,200,9,240,1119.0
severe,reset-at-keyframe,200,9,241,1000.0
severe,reset-at-keyframe,200,9,242,1034.0
severe,reset-at-keyframe,200,9,243,1072.0
severe,reset-at-keyframe,200,9,244,985.0
severe,reset-at-keyframe,200,9,245,1035.0
severe,reset-at-keyframe,200,9,246,999.0
severe,reset-at-keyframe,200,9,247,976.0
severe,reset-at-keyframe,200,9,248,376.0
severe,reset-at-keyframe,200,9,467,509.0
severe,reset-at-keyframe,200,9,468,952.0
severe,reset-at-keyframe,200,9,469,976.0
severe,reset-at-keyframe,200,10,237,279.0
severe,reset-at-keyframe,200,10,238,1101.0
severe,reset-at-keyframe,200,10,239,1035.0
severe,reset-at-keyframe,200,10,240,1119.0
severe,reset-at-keyframe,200,10,241,996.0
severe,reset-at-keyframe,200,10,242,1038.0
severe,reset-at-keyframe,200,10,243,1059.0
severe,reset-at-keyframe,200,10,244,996.0
severe,reset-at-keyframe,200,10,245,1011.0
severe,reset-at-keyframe,200,10,246,1012.0
severe,reset-at-keyframe,200,10,247,999.0
severe,reset-at-keyframe,200,10,248,340.0
severe,reset-at-keyframe,200,10,249,943.0
severe,reset-at-keyframe,200,10,280,1033.0
severe,reset-at-keyframe,200,10,281,902.0
severe,reset-at-keyframe,200,10,311,128.0
severe,reset-at-keyframe,200,10,380,570.0
severe,reset-at-keyframe,200,10,381,950.0
severe,reset-at-keyframe,200,10,382,1000.0
severe,reset-at-keyframe,500,1,267,383.0
severe,reset-at-keyframe,500,1,297,539.0
severe,reset-at-keyframe,500,1,298,629.0
severe,reset-at-keyframe,500,1,300,898.0
severe,reset-at-keyframe,500,1,330,724.0
severe,reset-at-keyframe,500,1,331,919.0
severe,reset-at-keyframe,500,1,332,688.0
severe,reset-at-keyframe,500,1,333,923.0
severe,reset-at-keyframe,500,1,334,961.0
severe,reset-at-keyframe,500,1,335,919.0
severe,reset-at-keyframe,500,1,336,339.0
severe,reset-at-keyframe,500,1,554,510.0
severe,reset-at-keyframe,500,1,555,929.0
severe,reset-at-keyframe,500,1,556,952.0
severe,reset-at-keyframe,500,2,257,150.0
severe,reset-at-keyframe,500,2,258,558.0
severe,reset-at-keyframe,500,2,264,127.0
severe,reset-at-keyframe,500,2,288,490.0
severe,reset-at-keyframe,500,2,289,700.0
severe,reset-at-keyframe,500,2,290,960.0
severe,reset-at-keyframe,500,2,305,692.0
severe,reset-at-keyframe,500,2,306,947.0
severe,reset-at-keyframe,500,2,307,996.0
severe,reset-at-keyframe,500,2,308,1011.0
severe,reset-at-keyframe,500,2,309,976.0
severe,reset-at-keyframe,500,2,310,987.0
severe,reset-at-keyframe,500,2,311,375.0
severe,reset-at-keyframe,500,2,530,573.0
severe,reset-at-keyframe,500,2,531,940.0
severe,reset-at-keyframe,500,2,532,965.0
severe,reset-at-keyframe,500,3,267,479.0
severe,reset-at-keyframe,500,3,297,562.0
severe,reset-at-keyframe,500,3,298,652.0
severe,reset-at-keyframe,500,3,318,302.0
severe,reset-at-keyframe,500,3,324,496.0
severe,reset-at-keyframe,500,3,325,756.0
severe,reset-at-keyframe,500,3,326,867.0
severe,reset-at-keyframe,500,3,327,897.0
severe,reset-at-keyframe,500,3,328,984.0
severe,reset-at-keyframe,500,3,329,992.0
severe,reset-at-keyframe,500,3,330,982.0
severe,reset-at-keyframe,500,3,331,353.0
severe,reset-at-keyframe,500,3,550,574.0
severe,reset-at-keyframe,500,3,551,898.0
severe,reset-at-keyframe,500,3,552,976.0
severe,reset-at-keyframe,500,4,267,385.0
severe,reset-at-keyframe,500,4,281,241.0
severe,reset-at-keyframe,500,4,297,438.0
severe,reset-at-keyframe,500,4,298,693.0
severe,reset-at-keyframe,500,4,299,834.0
severe,reset-at-keyframe,500,4,309,201.0
severe,reset-at-keyframe,500,4,315,620.0
severe,reset-at-keyframe,500,4,316,848.0
severe,reset-at-keyframe,500,4,317,1009.0
severe,reset-at-keyframe,500,4,318,928.0
severe,reset-at-keyframe,500,4,319,1083.0
severe,reset-at-keyframe,500,4,320,988.0
severe,reset-at-keyframe,500,4,321,416.0
severe,reset-at-keyframe,500,4,540,552.0
severe,reset-at-keyframe,500,4,541,869.0
severe,reset-at-keyframe,500,4,542,976.0
severe,reset-at-keyframe,500,5,267,416.0
severe,reset-at-keyframe,500,5,283,211.0
severe,reset-at-keyframe,500,5,297,489.0
severe,reset-at-keyframe,500,5,298,605.0
severe,reset-at-keyframe,500,5,299,961.0
severe,reset-at-keyframe,500,5,322,309.0
severe,reset-at-keyframe,500,5,329,509.0
severe,reset-at-keyframe,500,5,330,791.0
severe,reset-at-keyframe,500,5,331,866.0
severe,reset-at-keyframe,500,5,332,863.0
severe,reset-at-keyframe,500,5,333,942.0
severe,reset-at-keyframe,500,5,334,901.0
severe,reset-at-keyframe,500,5,335,353.0
severe,reset-at-keyframe,500,5,554,451.0
severe,reset-at-keyframe,500,5,555,976.0
severe,reset-at-keyframe,500,5,556,1005.0
severe,reset-at-keyframe,500,6,267,373.0
severe,reset-at-keyframe,500,6,270,134.0
severe,reset-at-keyframe,500,6,297,536.0
severe,reset-at-keyframe,500,6,298,703.0
severe,reset-at-keyframe,500,6,299,872.0
severe,reset-at-keyframe,500,6,329,695.0
severe,reset-at-keyframe,500,6,330,748.0
severe,reset-at-keyframe,500,6,331,932.0
severe,reset-at-keyframe,500,6,332,864.0
severe,reset-at-keyframe,500,6,333,866.0
severe,reset-at-keyframe,500,6,334,966.0
severe,reset-at-keyframe,500,6,335,379.0
severe,reset-at-keyframe,500,6,554,524.0
severe,reset-at-keyframe,500,6,555,904.0
severe,reset-at-keyframe,500,6,556,988.0
severe,reset-at-keyframe,500,7,267,370.0
severe,reset-at-keyframe,500,7,293,238.0
severe,reset-at-keyframe,500,7,297,432.0
severe,reset-at-keyframe,500,7,298,664.0
severe,reset-at-keyframe,500,7,299,888.0
severe,reset-at-keyframe,500,7,328,705.0
severe,reset-at-keyframe,500,7,329,760.0
severe,reset-at-keyframe,500,7,330,1041.0
severe,reset-at-keyframe,500,7,331,712.0
severe,reset-at-keyframe,500,7,332,899.0
severe,reset-at-keyframe,500,7,333,1001.0
severe,reset-at-keyframe,500,7,334,351.0
severe,reset-at-keyframe,500,7,552,530.0
severe,reset-at-keyframe,500,7,553,904.0
severe,reset-at-keyframe,500,7,554,992.0
severe,reset-at-keyframe,500,8,267,389.0
severe,reset-at-keyframe,500,8,281,228.0
severe,reset-at-keyframe,500,8,297,464.0
severe,reset-at-keyframe,500,8,298,677.0
severe,reset-at-keyframe,500,8,302,278.0
severe,reset-at-keyframe,500,8,322,428.0
severe,reset-at-keyframe,500,8,323,733.0
severe,reset-at-keyframe,500,8,324,914.0
severe,reset-at-keyframe,500,8,325,949.0
severe,reset-at-keyframe,500,8,326,1047.0
severe,reset-at-keyframe,500,8,327,1046.0
severe,reset-at-keyframe,500,8,328,989.0
severe,reset-at-keyframe,500,8,329,328.0
severe,reset-at-keyframe,500,8,548,547.0
severe,reset-at-keyframe,500,8,549,945.0
severe,reset-at-keyframe,500,8,550,956.0
severe,reset-at-keyframe,500,9,267,397.0
severe,reset-at-keyframe,500,9,297,764.0
severe,reset-at-keyframe,500,9,298,439.0
severe,reset-at-keyframe,500,9,299,931.0
severe,reset-at-keyframe,500,9,305,248.0
severe,reset-at-keyframe,500,9,318,550.0
severe,reset-at-keyframe,500,9,319,784.0
severe,reset-at-keyframe,500,9,321,265.0
severe,reset-at-keyframe,500,9,345,385.0
severe,reset-at-keyframe,500,9,346,851.0
severe,reset-at-keyframe,500,9,347,996.0
severe,reset-at-keyframe,500,9,348,894.0
severe,reset-at-keyframe,500,9,349,352.0
severe,reset-at-keyframe,500,9,568,421.0
severe,reset-at-keyframe,500,9,569,916.0
severe,reset-at-keyframe,500,9,570,977.0
severe,reset-at-keyframe,500,10,267,383.0
severe,reset-at-keyframe,500,10,295,277.0
severe,reset-at-keyframe,500,10,297,389.0
severe,reset-at-keyframe,500,10,298,664.0
severe,reset-at-keyframe,500,10,300,884.0
severe,reset-at-keyframe,500,10,305,167.0
severe,reset-at-keyframe,500,10,311,648.0
severe,reset-at-keyframe,500,10,312,1047.0
severe,reset-at-keyframe,500,10,313,1020.0
severe,reset-at-keyframe,500,10,314,999.0
severe,reset-at-keyframe,500,10,315,1024.0
severe,reset-at-keyframe,500,10,316,982.0
severe,reset-at-keyframe,500,10,317,332.0
severe,reset-at-keyframe,500,10,536,533.0
severe,reset-at-keyframe,500,10,537,951.0
severe,reset-at-keyframe,500,10,538,987.0
severe,reset-at-keyframe,1000,1,289,155.0
severe,reset-at-keyframe,1000,1,293,214.0
severe,reset-at-keyframe,1000,1,296,299.0
severe,reset-at-keyframe,1000,1,297,542.0
severe,reset-at-keyframe,1000,1,306,232.0
severe,reset-at-keyframe,1000,1,314,683.0
severe,reset-at-keyframe,1000,1,315,440.0
severe,reset-at-keyframe,1000,1,316,204.0
severe,reset-at-keyframe,1000,1,345,709.0
severe,reset-at-keyframe,1000,1,346,760.0
severe,reset-at-keyframe,1000,1,347,861.0
severe,reset-at-keyframe,1000,1,348,900.0
severe,reset-at-keyframe,1000,1,349,961.0
severe,reset-at-keyframe,1000,1,350,846.0
severe,reset-at-keyframe,1000,1,357,665.0
severe,reset-at-keyframe,1000,1,358,354.0
severe,reset-at-keyframe,1000,1,547,269.0
severe,reset-at-keyframe,1000,1,577,796.0
severe,reset-at-keyframe,1000,1,578,731.0
severe,reset-at-keyframe,1000,2,284,173.0
severe,reset-at-keyframe,1000,2,296,435.0
severe,reset-at-keyframe,1000,2,297,771.0
severe,reset-at-keyframe,1000,2,314,446.0
severe,reset-at-keyframe,1000,2,315,676.0
severe,reset-at-keyframe,1000,2,316,305.0
severe,reset-at-keyframe,1000,2,345,563.0
severe,reset-at-keyframe,1000,2,346,760.0
severe,reset-at-keyframe,1000,2,347,897.0
severe,reset-at-keyframe,1000,2,348,924.0
severe,reset-at-keyframe,1000,2,349,925.0
severe,reset-at-keyframe,1000,2,351,873.0
severe,reset-at-keyframe,1000,2,363,328.0
severe,reset-at-keyframe,1000,2,612,642.0
severe,reset-at-keyframe,1000,2,613,778.0
severe,reset-at-keyframe,1000,3,256,187.0
severe,reset-at-keyframe,1000,3,266,174.0
severe,reset-at-keyframe,1000,3,286,610.0
severe,reset-at-keyframe,1000,3,287,462.0
severe,reset-at-keyframe,1000,3,308,670.0
severe,reset-at-keyframe,1000,3,309,652.0
severe,reset-at-keyframe,1000,3,335,370.0
severe,reset-at-keyframe,1000,3,339,455.0
severe,reset-at-keyframe,1000,3,340,748.0
severe,reset-at-keyframe,1000,3,341,849.0
severe,reset-at-keyframe,1000,3,342,911.0
severe,reset-at-keyframe,1000,3,343,960.0
severe,reset-at-keyframe,1000,3,344,1069.0
severe,reset-at-keyframe,1000,3,345,201.0
severe,reset-at-keyframe,1000,3,580,146.0
severe,reset-at-keyframe,1000,3,594,820.0
severe,reset-at-keyframe,1000,3,595,684.0
severe,reset-at-keyframe,1000,4,255,274.0
severe,reset-at-keyframe,1000,4,272,178.0
severe,reset-at-keyframe,1000,4,280,151.0
severe,reset-at-keyframe,1000,4,285,475.0
severe,reset-at-keyframe,1000,4,303,235.0
severe,reset-at-keyframe,1000,4,315,620.0
severe,reset-at-keyframe,1000,4,316,694.0
severe,reset-at-keyframe,1000,4,317,294.0
severe,reset-at-keyframe,1000,4,334,505.0
severe,reset-at-keyframe,1000,4,335,760.0
severe,reset-at-keyframe,1000,4,336,908.0
severe,reset-at-keyframe,1000,4,344,923.0
severe,reset-at-keyframe,1000,4,345,925.0
severe,reset-at-keyframe,1000,4,346,905.0
severe,reset-at-keyframe,1000,4,361,346.0
severe,reset-at-keyframe,1000,4,592,302.0
severe,reset-at-keyframe,1000,4,598,847.0
severe,reset-at-keyframe,1000,4,599,601.0
severe,reset-at-keyframe,1000,5,285,158.0
severe,reset-at-keyframe,1000,5,295,389.0
severe,reset-at-keyframe,1000,5,296,546.0
severe,reset-at-keyframe,1000,5,310,261.0
severe,reset-at-keyframe,1000,5,316,569.0
severe,reset-at-keyframe,1000,5,317,664.0
severe,reset-at-keyframe,1000,5,347,697.0
severe,reset-at-keyframe,1000,5,348,724.0
severe,reset-at-keyframe,1000,5,349,897.0
severe,reset-at-keyframe,1000,5,350,958.0
severe,reset-at-keyframe,1000,5,351,842.0
severe,reset-at-keyframe,1000,5,352,977.0
severe,reset-at-keyframe,1000,5,360,350.0
severe,reset-at-keyframe,1000,5,567,141.0
severe,reset-at-keyframe,1000,5,570,125.0
severe,reset-at-keyframe,1000,5,597,809.0
severe,reset-at-keyframe,1000,5,598,767.0
severe,reset-at-keyframe,1000,6,294,492.0
severe,reset-at-keyframe,1000,6,295,521.0
severe,reset-at-keyframe,1000,6,321,657.0
severe,reset-at-keyframe,1000,6,322,677.0
severe,reset-at-keyframe,1000,6,323,697.0
severe,reset-at-keyframe,1000,6,336,273.0
severe,reset-at-keyframe,1000,6,353,627.0
severe,reset-at-keyframe,1000,6,354,862.0
severe,reset-at-keyframe,1000,6,355,923.0
severe,reset-at-keyframe,1000,6,356,948.0
severe,reset-at-keyframe,1000,6,357,930.0
severe,reset-at-keyframe,1000,6,358,366.0
severe,reset-at-keyframe,1000,6,607,715.0
severe,reset-at-keyframe,1000,6,608,756.0
severe,reset-at-keyframe,1000,7,296,514.0
severe,reset-at-keyframe,1000,7,297,510.0
severe,reset-at-keyframe,1000,7,306,169.0
severe,reset-at-keyframe,1000,7,312,588.0
severe,reset-at-keyframe,1000,7,313,662.0
severe,reset-at-keyframe,1000,7,320,228.0
severe,reset-at-keyframe,1000,7,340,128.0
severe,reset-at-keyframe,1000,7,342,533.0
severe,reset-at-keyframe,1000,7,343,787.0
severe,reset-at-keyframe,1000,7,344,885.0
severe,reset-at-keyframe,1000,7,345,923.0
severe,reset-at-keyframe,1000,7,346,949.0
severe,reset-at-keyframe,1000,7,347,897.0
severe,reset-at-keyframe,1000,7,351,399.0
severe,reset-at-keyframe,1000,7,600,773.0
severe,reset-at-keyframe,1000,7,601,732.0
severe,reset-at-keyframe,1000,8,296,550.0
severe,reset-at-keyframe,1000,8,297,510.0
severe,reset-at-keyframe,1000,8,313,302.0
severe,reset-at-keyframe,1000,8,320,551.0
severe,reset-at-keyframe,1000,8,321,629.0
severe,reset-at-keyframe,1000,8,322,721.0
severe,reset-at-keyframe,1000,8,336,302.0
severe,reset-at-keyframe,1000,8,352,616.0
severe,reset-at-keyframe,1000,8,353,1072.0
severe,reset-at-keyframe,1000,8,354,724.0
severe,reset-at-keyframe,1000,8,355,925.0
severe,reset-at-keyframe,1000,8,356,932.0
severe,reset-at-keyframe,1000,8,357,314.0
severe,reset-at-keyframe,1000,8,606,760.0
severe,reset-at-keyframe,1000,8,607,784.0
severe,reset-at-keyframe,1000,9,296,516.0
severe,reset-at-keyframe,1000,9,297,581.0
severe,reset-at-keyframe,1000,9,309,208.0
severe,reset-at-keyframe,1000,9,315,642.0
severe,reset-at-keyframe,1000,9,316,522.0
severe,reset-at-keyframe,1000,9,346,709.0
severe,reset-at-keyframe,1000,9,347,713.0
severe,reset-at-keyframe,1000,9,348,908.0
severe,reset-at-keyframe,1000,9,349,935.0
severe,reset-at-keyframe,1000,9,350,912.0
severe,reset-at-keyframe,1000,9,351,930.0
severe,reset-at-keyframe,1000,9,360,387.0
severe,reset-at-keyframe,1000,9,609,667.0
severe,reset-at-keyframe,1000,9,610,731.0
severe,reset-at-keyframe,1000,10,292,223.0
severe,reset-at-keyframe,1000,10,296,348.0
severe,reset-at-keyframe,1000,10,297,569.0
severe,reset-at-keyframe,1000,10,298,676.0
severe,reset-at-keyframe,1000,10,306,123.0
severe,reset-at-keyframe,1000,10,328,601.0
severe,reset-at-keyframe,1000,10,329,745.0
severe,reset-at-keyframe,1000,10,330,748.0
severe,reset-at-keyframe,1000,10,356,645.0
severe,reset-at-keyframe,1000,10,357,910.0
severe,reset-at-keyframe,1000,10,358,865.0
severe,reset-at-keyframe,1000,10,359,953.0
severe,reset-at-keyframe,1000,10,360,316.0
severe,reset-at-keyframe,1000,10,579,161.0
severe,reset-at-keyframe,1000,10,609,785.0
severe,reset-at-keyframe,1000,10,610,803.0
severe,reset-at-object,100,1,237,274.0
severe,reset-at-object,100,1,238,1119.0
severe,reset-at-object,100,1,239,1010.0
severe,reset-at-object,100,1,240,1118.0
severe,reset-at-object,100,1,241,1012.0
severe,reset-at-object,100,1,242,1432.0
severe,reset-at-object,100,1,243,652.0
severe,reset-at-object,100,1,244,984.0
severe,reset-at-object,100,1,245,1023.0
severe,reset-at-object,100,1,246,1024.0
severe,reset-at-object,100,1,247,987.0
severe,reset-at-object,100,1,248,304.0
severe,reset-at-object,100,1,249,997.0
severe,reset-at-object,100,1,250,1005.0
severe,reset-at-object,100,1,251,976.0
severe,reset-at-object,100,1,252,964.0
severe,reset-at-object,100,1,253,975.0
severe,reset-at-object,100,1,322,647.0
severe,reset-at-object,100,1,323,964.0
severe,reset-at-object,100,1,324,965.0
severe,reset-at-object,100,2,236,279.0
severe,reset-at-object,100,2,237,1142.0
severe,reset-at-object,100,2,238,1035.0
severe,reset-at-object,100,2,239,1108.0
severe,reset-at-object,100,2,240,938.0
severe,reset-at-object,100,2,241,1087.0
severe,reset-at-object,100,2,242,1007.0
severe,reset-at-object,100,2,243,1067.0
severe,reset-at-object,100,2,244,1014.0
severe,reset-at-object,100,2,245,998.0
severe,reset-at-object,100,2,246,1000.0
severe,reset-at-object,100,2,247,349.0
severe,reset-at-object,100,2,248,946.0
severe,reset-at-object,100,2,249,1000.0
severe,reset-at-object,100,2,250,1014.0
severe,reset-at-object,100,2,251,949.0
severe,reset-at-object,100,2,252,952.0
severe,reset-at-object,100,2,283,988.0
severe,reset-at-object,100,2,292,625.0
severe,reset-at-object,100,2,293,999.0
severe,reset-at-object,100,2,294,987.0
severe,reset-at-object,100,3,237,273.0
severe,reset-at-object,100,3,238,1117.0
severe,reset-at-object,100,3,239,1013.0
severe,reset-at-object,100,3,240,1093.0
severe,reset-at-object,100,3,241,1028.0
severe,reset-at-object,100,3,242,1030.0
severe,reset-at-object,100,3,243,1047.0
severe,reset-at-object,100,3,244,1018.0
severe,reset-at-object,100,3,245,1026.0
severe,reset-at-object,100,3,246,1004.0
severe,reset-at-object,100,3,247,960.0
severe,reset-at-object,100,3,248,401.0
severe,reset-at-object,100,3,249,930.0
severe,reset-at-object,100,3,250,995.0
severe,reset-at-object,100,3,251,992.0
severe,reset-at-object,100,3,252,978.0
severe,reset-at-object,100,3,253,938.0
severe,reset-at-object,100,3,254,1035.0
severe,reset-at-object,100,3,255,940.0
severe,reset-at-object,100,3,264,755.0
severe,reset-at-object,100,3,265,881.0
severe,reset-at-object,100,3,266,964.0
severe,reset-at-object,100,4,237,274.0
severe,reset-at-object,100,4,238,1108.0
severe,reset-at-object,100,4,239,1022.0
severe,reset-at-object,100,4,240,1131.0
severe,reset-at-object,100,4,241,987.0
severe,reset-at-object,100,4,242,1048.0
severe,reset-at-object,100,4,243,1048.0
severe,reset-at-object,100,4,244,996.0
severe,reset-at-object,100,4,245,1048.0
severe,reset-at-object,100,4,246,953.0
severe,reset-at-object,100,4,247,1010.0
severe,reset-at-object,100,4,248,375.0
severe,reset-at-object,100,4,249,931.0
severe,reset-at-object,100,4,250,1044.0
severe,reset-at-object,100,4,251,919.0
severe,reset-at-object,100,4,252,1015.0
severe,reset-at-object,100,4,253,950.0
severe,reset-at-object,100,4,254,952.0
severe,reset-at-object,100,4,255,1011.0
severe,reset-at-object,100,4,264,685.0
severe,reset-at-object,100,4,265,952.0
severe,reset-at-object,100,4,266,988.0
severe,reset-at-object,100,5,236,301.0
severe,reset-at-object,100,5,237,1106.0
severe,reset-at-object,100,5,238,1047.0
severe,reset-at-object,100,5,239,1095.0
severe,reset-at-object,100,5,240,984.0
severe,reset-at-object,100,5,241,1014.0
severe,reset-at-object,100,5,242,1415.0
severe,reset-at-object,100,5,243,692.0
severe,reset-at-object,100,5,244,1007.0
severe,reset-at-object,100,5,245,1011.0
severe,reset-at-object,100,5,246,987.0
severe,reset-at-object,100,5,247,353.0
severe,reset-at-object,100,5,248,950.0
severe,reset-at-object,100,5,249,994.0
severe,reset-at-object,100,5,250,1009.0
severe,reset-at-object,100,5,251,964.0
severe,reset-at-object,100,5,259,103.0
severe,reset-at-object,100,5,283,910.0
severe,reset-at-object,100,5,284,976.0
severe,reset-at-object,100,5,293,720.0
severe,reset-at-object,100,5,294,917.0
severe,reset-at-object,100,5,295,953.0
severe,reset-at-object,100,6,236,308.0
severe,reset-at-object,100,6,237,1107.0
severe,reset-at-object,100,6,238,1046.0
severe,reset-at-object,100,6,239,1105.0
severe,reset-at-object,100,6,240,977.0
severe,reset-at-object,100,6,241,1071.0
severe,reset-at-object,100,6,242,1050.0
severe,reset-at-object,100,6,243,1006.0
severe,reset-at-object,100,6,244,987.0
severe,reset-at-object,100,6,245,1035.0
severe,reset-at-object,100,6,246,964.0
severe,reset-at-object,100,6,247,317.0
severe,reset-at-object,100,6,248,1003.0
severe,reset-at-object,100,6,249,988.0
severe,reset-at-object,100,6,250,1010.0
severe,reset-at-object,100,6,251,964.0
severe,reset-at-object,100,6,259,103.0
severe,reset-at-object,100,6,282,980.0
severe,reset-at-object,100,6,320,614.0
severe,reset-at-object,100,6,321,963.0
severe,reset-at-object,100,6,322,979.0
severe,reset-at-object,100,7,237,268.0
severe,reset-at-object,100,7,238,1106.0
severe,reset-at-object,100,7,239,1047.0
severe,reset-at-object,100,7,240,1094.0
severe,reset-at-object,100,7,241,999.0
severe,reset-at-object,100,7,242,1048.0
severe,reset-at-object,100,7,243,1046.0
severe,reset-at-object,100,7,244,1009.0
severe,reset-at-object,100,7,245,1013.0
severe,reset-at-object,100,7,246,1022.0
severe,reset-at-object,100,7,247,976.0
severe,reset-at-object,100,7,248,364.0
severe,reset-at-object,100,7,249,938.0
severe,reset-at-object,100,7,250,999.0
severe,reset-at-object,100,7,251,1005.0
severe,reset-at-object,100,7,252,952.0
severe,reset-at-object,100,7,253,976.0
severe,reset-at-object,100,7,256,925.0
severe,reset-at-object,100,7,257,976.0
severe,reset-at-object,100,7,262,105.0
severe,reset-at-object,100,7,266,681.0
severe,reset-at-object,100,7,267,904.0
severe,reset-at-object,100,7,268,987.0
severe,reset-at-object,100,8,237,286.0
severe,reset-at-object,100,8,238,1106.0
severe,reset-at-object,100,8,239,1024.0
severe,reset-at-object,100,8,240,1035.0
severe,reset-at-object,100,8,241,1071.0
severe,reset-at-object,100,8,242,1047.0
severe,reset-at-object,100,8,243,1070.0
severe,reset-at-object,100,8,244,997.0
severe,reset-at-object,100,8,245,1013.0
severe,reset-at-object,100,8,246,915.0
severe,reset-at-object,100,8,247,1070.0
severe,reset-at-object,100,8,248,343.0
severe,reset-at-object,100,8,249,965.0
severe,reset-at-object,100,8,250,952.0
severe,reset-at-object,100,8,251,1035.0
severe,reset-at-object,100,8,252,994.0
severe,reset-at-object,100,8,253,934.0
severe,reset-at-object,100,8,259,868.0
severe,reset-at-object,100,8,297,613.0
severe,reset-at-object,100,8,298,953.0
severe,reset-at-object,100,8,299,989.0
severe,reset-at-object,100,9,237,286.0
severe,reset-at-object,100,9,238,1107.0
severe,reset-at-object,100,9,239,1024.0
severe,reset-at-object,100,9,240,1118.0
severe,reset-at-object,100,9,241,988.0
severe,reset-at-object,100,9,242,1047.0
severe,reset-at-object,100,9,243,1036.0
severe,reset-at-object,100,9,244,1033.0
severe,reset-at-object,100,9,245,1064.0
severe,reset-at-object,100,9,246,958.0
severe,reset-at-object,100,9,247,963.0
severe,reset-at-object,100,9,248,375.0
severe,reset-at-object,100,9,249,944.0
severe,reset-at-object,100,9,250,1000.0
severe,reset-at-object,100,9,251,1000.0
severe,reset-at-object,100,9,252,1063.0
severe,reset-at-object,100,9,283,911.0
severe,reset-at-object,100,9,284,941.0
severe,reset-at-object,100,9,289,105.0
severe,reset-at-object,100,9,293,657.0
severe,reset-at-object,100,9,294,963.0
severe,reset-at-object,100,9,295,942.0
severe,reset-at-object,100,10,236,321.0
severe,reset-at-object,100,10,237,1095.0
severe,reset-at-object,100,10,238,1046.0
severe,reset-at-object,100,10,239,1108.0
severe,reset-at-object,100,10,240,975.0
severe,reset-at-object,100,10,241,1060.0
severe,reset-at-object,100,10,242,1367.0
severe,reset-at-object,100,10,243,711.0
severe,reset-at-object,100,10,244,940.0
severe,reset-at-object,100,10,245,1097.0
severe,reset-at-object,100,10,246,961.0
severe,reset-at-object,100,10,247,414.0
severe,reset-at-object,100,10,248,870.0
severe,reset-at-object,100,10,249,1012.0
severe,reset-at-object,100,10,250,999.0
severe,reset-at-object,100,10,251,964.0
severe,reset-at-object,100,10,252,952.0
severe,reset-at-object,100,10,254,1000.0
severe,reset-at-object,100,10,293,637.0
severe,reset-at-object,100,10,294,948.0
severe,reset-at-object,100,10,295,968.0
severe,reset-at-object,200,1,226,565.0
severe,reset-at-object,200,1,227,1141.0
severe,reset-at-object,200,1,228,917.0
severe,reset-at-object,200,1,229,1165.0
severe,reset-at-object,200,1,230,1063.0
severe,reset-at-object,200,1,231,996.0
severe,reset-at-object,200,1,232,1070.0
severe,reset-at-object,200,1,233,997.0
severe,reset-at-object,200,1,234,1216.0
severe,reset-at-object,200,1,235,817.0
severe,reset-at-object,200,1,236,1131.0
severe,reset-at-object,200,1,237,166.0
severe,reset-at-object,200,1,238,975.0
severe,reset-at-object,200,1,427,554.0
severe,reset-at-object,200,1,428,974.0
severe,reset-at-object,200,1,429,964.0
severe,reset-at-object,200,2,237,274.0
severe,reset-at-object,200,2,238,1106.0
severe,reset-at-object,200,2,239,1035.0
severe,reset-at-object,200,2,240,1106.0
severe,reset-at-object,200,2,241,988.0
severe,reset-at-object,200,2,242,1059.0
severe,reset-at-object,200,2,243,1059.0
severe,reset-at-object,200,2,244,985.0
severe,reset-at-object,200,2,245,1023.0
severe,reset-at-object,200,2,246,1025.0
severe,reset-at-object,200,2,247,985.0
severe,reset-at-object,200,2,248,352.0
severe,reset-at-object,200,2,312,124.0
severe,reset-at-object,200,2,466,468.0
severe,reset-at-object,200,2,467,988.0
severe,reset-at-object,200,2,468,926.0
severe,reset-at-object,200,3,237,282.0
severe,reset-at-object,200,3,238,1106.0
severe,reset-at-object,200,3,239,1035.0
severe,reset-at-object,200,3,240,1098.0
severe,reset-at-object,200,3,241,996.0
severe,reset-at-object,200,3,242,1035.0
severe,reset-at-object,200,3,243,1083.0
severe,reset-at-object,200,3,244,990.0
severe,reset-at-object,200,3,245,1033.0
severe,reset-at-object,200,3,246,1005.0
severe,reset-at-object,200,3,247,960.0
severe,reset-at-object,200,3,248,377.0
severe,reset-at-object,200,3,249,932.0
severe,reset-at-object,200,3,438,597.0
severe,reset-at-object,200,3,439,903.0
severe,reset-at-object,200,3,440,1001.0
severe,reset-at-object,200,4,237,166.0
severe,reset-at-object,200,4,238,1106.0
severe,reset-at-object,200,4,239,1036.0
severe,reset-at-object,200,4,240,1082.0
severe,reset-at-object,200,4,241,1023.0
severe,reset-at-object,200,4,242,1025.0
severe,reset-at-object,200,4,243,1057.0
severe,reset-at-object,200,4,244,997.0
severe,reset-at-object,200,4,245,1000.0
severe,reset-at-object,200,4,246,1047.0
severe,reset-at-object,200,4,247,978.0
severe,reset-at-object,200,4,248,364.0
severe,reset-at-object,200,4,467,447.0
severe,reset-at-object,200,4,468,1012.0
severe,reset-at-object,200,4,469,987.0
severe,reset-at-object,200,5,237,285.0
severe,reset-at-object,200,5,253,223.0
severe,reset-at-object,200,5,259,411.0
severe,reset-at-object,200,5,260,874.0
severe,reset-at-object,200,5,261,1080.0
severe,reset-at-object,200,5,262,1022.0
severe,reset-at-object,200,5,263,1027.0
severe,reset-at-object,200,5,264,1066.0
severe,reset-at-object,200,5,265,1009.0
severe,reset-at-object,200,5,266,1011.0
severe,reset-at-object,200,5,267,965.0
severe,reset-at-object,200,5,268,1023.0
severe,reset-at-object,200,5,269,418.0
severe,reset-at-object,200,5,390,818.0
severe,reset-at-object,200,5,459,586.0
severe,reset-at-object,200,5,460,988.0
severe,reset-at-object,200,5,461,985.0
severe,reset-at-object,200,6,237,257.0
severe,reset-at-object,200,6,238,1114.0
severe,reset-at-object,200,6,239,1035.0
severe,reset-at-object,200,6,240,1062.0
severe,reset-at-object,200,6,241,1033.0
severe,reset-at-object,200,6,242,1036.0
severe,reset-at-object,200,6,243,1070.0
severe,reset-at-object,200,6,244,1009.0
severe,reset-at-object,200,6,245,988.0
severe,reset-at-object,200,6,246,1035.0
severe,reset-at-object,200,6,247,964.0
severe,reset-at-object,200,6,248,340.0
severe,reset-at-object,200,6,310,147.0
severe,reset-at-object,200,6,467,504.0
severe,reset-at-object,200,6,468,916.0
severe,reset-at-object,200,6,469,976.0
severe,reset-at-object,200,7,237,283.0
severe,reset-at-object,200,7,238,1118.0
severe,reset-at-object,200,7,239,1025.0
severe,reset-at-object,200,7,240,1115.0
severe,reset-at-object,200,7,241,976.0
severe,reset-at-object,200,7,242,1060.0
severe,reset-at-object,200,7,243,1059.0
severe,reset-at-object,200,7,244,986.0
severe,reset-at-object,200,7,245,1022.0
severe,reset-at-object,200,7,246,1011.0
severe,reset-at-object,200,7,247,988.0
severe,reset-at-object,200,7,248,330.0
severe,reset-at-object,200,7,249,955.0
severe,reset-at-object,200,7,438,497.0
severe,reset-at-object,200,7,439,1034.0
severe,reset-at-object,200,7,440,964.0
severe,reset-at-object,200,8,237,275.0
severe,reset-at-object,200,8,238,1096.0
severe,reset-at-object,200,8,239,1058.0
severe,reset-at-object,200,8,240,1096.0
severe,reset-at-object,200,8,241,987.0
severe,reset-at-object,200,8,242,1060.0
severe,reset-at-object,200,8,243,1058.0
severe,reset-at-object,200,8,244,1009.0
severe,reset-at-object,200,8,245,1011.0
severe,reset-at-object,200,8,246,988.0
severe,reset-at-object,200,8,247,1000.0
severe,reset-at-object,200,8,248,363.0
severe,reset-at-object,200,8,339,849.0
severe,reset-at-object,200,8,437,603.0
severe,reset-at-object,200,8,438,928.0
severe,reset-at-object,200,8,439,976.0
severe,reset-at-object,200,9,237,274.0
severe,reset-at-object,200,9,238,1106.0
severe,reset-at-object,200,9,239,1039.0
severe,reset-at-object,200,9,240,1103.0
severe,reset-at-object,200,9,241,1000.0
severe,reset-at-object,200,9,242,1048.0
severe,reset-at-object,200,9,243,1047.0
severe,reset-at-object,200,9,244,997.0
severe,reset-at-object,200,9,245,951.0
severe,reset-at-object,200,9,246,1072.0
severe,reset-at-object,200,9,247,964.0
severe,reset-at-object,200,9,248,388.0
severe,reset-at-object,200,9,309,836.0
severe,reset-at-object,200,9,438,586.0
severe,reset-at-object,200,9,439,951.0
severe,reset-at-object,200,9,440,988.0
severe,reset-at-object,200,10,237,404.0
severe,reset-at-object,200,10,249,648.0
severe,reset-at-object,200,10,250,1023.0
severe,reset-at-object,200,10,251,1129.0
severe,reset-at-object,200,10,252,976.0
severe,reset-at-object,200,10,253,1048.0
severe,reset-at-object,200,10,254,1069.0
severe,reset-at-object,200,10,255,985.0
severe,reset-at-object,200,10,256,1036.0
severe,reset-at-object,200,10,257,998.0
severe,reset-at-object,200,10,258,953.0
severe,reset-at-object,200,10,259,390.0
severe,reset-at-object,200,10,478,559.0
severe,reset-at-object,200,10,479,928.0
severe,reset-at-object,200,10,480,964.0
severe,reset-at-object,500,1,267,379.0
severe,reset-at-object,500,1,296,263.0
severe,reset-at-object,500,1,297,308.0
severe,reset-at-object,500,1,298,677.0
severe,reset-at-object,500,1,299,909.0
severe,reset-at-object,500,1,323,323.0
severe,reset-at-object,500,1,329,484.0
severe,reset-at-object,500,1,330,748.0
severe,reset-at-object,500,1,331,921.0
severe,reset-at-object,500,1,332,863.0
severe,reset-at-object,500,1,333,1073.0
severe,reset-at-object,500,1,334,806.0
severe,reset-at-object,500,1,335,352.0
severe,reset-at-object,500,1,554,503.0
severe,reset-at-object,500,1,555,917.0
severe,reset-at-object,500,1,556,975.0
severe,reset-at-object,500,2,267,384.0
severe,reset-at-object,500,2,297,586.0
severe,reset-at-object,500,2,298,605.0
severe,reset-at-object,500,2,300,883.0
severe,reset-at-object,500,2,305,287.0
severe,reset-at-object,500,2,326,547.0
severe,reset-at-object,500,2,327,760.0
severe,reset-at-object,500,2,328,933.0
severe,reset-at-object,500,2,329,911.0
severe,reset-at-object,500,2,330,929.0
severe,reset-at-object,500,2,331,1019.0
severe,reset-at-object,500,2,332,416.0
severe,reset-at-object,500,2,551,414.0
severe,reset-at-object,500,2,552,988.0
severe,reset-at-object,500,2,553,988.0
severe,reset-at-object,500,3,267,382.0
severe,reset-at-object,500,3,272,147.0
severe,reset-at-object,500,3,297,563.0
severe,reset-at-object,500,3,298,676.0
severe,reset-at-object,500,3,316,242.0
severe,reset-at-object,500,3,324,610.0
severe,reset-at-object,500,3,325,592.0
severe,reset-at-object,500,3,326,742.0
severe,reset-at-object,500,3,327,1029.0
severe,reset-at-object,500,3,328,1011.0
severe,reset-at-object,500,3,329,1061.0
severe,reset-at-object,500,3,330,925.0
severe,reset-at-object,500,3,331,352.0
severe,reset-at-object,500,3,550,433.0
severe,reset-at-object,500,3,551,1019.0
severe,reset-at-object,500,3,552,982.0
severe,reset-at-object,500,4,267,375.0
severe,reset-at-object,500,4,283,352.0
severe,reset-at-object,500,4,297,349.0
severe,reset-at-object,500,4,298,676.0
severe,reset-at-object,500,4,299,911.0
severe,reset-at-object,500,4,300,951.0
severe,reset-at-object,500,4,326,750.0
severe,reset-at-object,500,4,327,921.0
severe,reset-at-object,500,4,328,863.0
severe,reset-at-object,500,4,329,972.0
severe,reset-at-object,500,4,330,906.0
severe,reset-at-object,500,4,331,339.0
severe,reset-at-object,500,4,550,369.0
severe,reset-at-object,500,4,551,936.0
severe,reset-at-object,500,4,552,968.0
severe,reset-at-object,500,5,267,388.0
severe,reset-at-object,500,5,282,177.0
severe,reset-at-object,500,5,297,527.0
severe,reset-at-object,500,5,298,665.0
severe,reset-at-object,500,5,299,910.0
severe,reset-at-object,500,5,316,503.0
severe,reset-at-object,500,5,328,346.0
severe,reset-at-object,500,5,329,748.0
severe,reset-at-object,500,5,330,1242.0
severe,reset-at-object,500,5,331,581.0
severe,reset-at-object,500,5,332,910.0
severe,reset-at-object,500,5,333,923.0
severe,reset-at-object,500,5,334,382.0
severe,reset-at-object,500,5,553,579.0
severe,reset-at-object,500,5,554,875.0
severe,reset-at-object,500,5,555,903.0
severe,reset-at-object,500,6,267,392.0
severe,reset-at-object,500,6,290,187.0
severe,reset-at-object,500,6,296,476.0
severe,reset-at-object,500,6,297,641.0
severe,reset-at-object,500,6,306,254.0
severe,reset-at-object,500,6,323,594.0
severe,reset-at-object,500,6,324,708.0
severe,reset-at-object,500,6,325,750.0
severe,reset-at-object,500,6,326,997.0
severe,reset-at-object,500,6,327,1023.0
severe,reset-at-object,500,6,328,965.0
severe,reset-at-object,500,6,329,1022.0
severe,reset-at-object,500,6,330,364.0
severe,reset-at-object,500,6,549,546.0
severe,reset-at-object,500,6,550,904.0
severe,reset-at-object,500,6,551,991.0
severe,reset-at-object,500,7,267,383.0
severe,reset-at-object,500,7,297,562.0
severe,reset-at-object,500,7,298,641.0
severe,reset-at-object,500,7,299,912.0
severe,reset-at-object,500,7,300,1056.0
severe,reset-at-object,500,7,329,980.0
severe,reset-at-object,500,7,330,695.0
severe,reset-at-object,500,7,331,911.0
severe,reset-at-object,500,7,332,888.0
severe,reset-at-object,500,7,333,895.0
severe,reset-at-object,500,7,334,387.0
severe,reset-at-object,500,7,553,257.0
severe,reset-at-object,500,7,554,917.0
severe,reset-at-object,500,7,555,952.0
severe,reset-at-object,500,8,267,392.0
severe,reset-at-object,500,8,297,574.0
severe,reset-at-object,500,8,298,720.0
severe,reset-at-object,500,8,299,807.0
severe,reset-at-object,500,8,328,694.0
severe,reset-at-object,500,8,329,760.0
severe,reset-at-object,500,8,330,932.0
severe,reset-at-object,500,8,331,911.0
severe,reset-at-object,500,8,332,1110.0
severe,reset-at-object,500,8,333,736.0
severe,reset-at-object,500,8,334,379.0
severe,reset-at-object,500,8,553,512.0
severe,reset-at-object,500,8,554,892.0
severe,reset-at-object,500,8,555,1022.0
severe,reset-at-object,500,9,267,391.0
severe,reset-at-object,500,9,282,272.0
severe,reset-at-object,500,9,297,404.0
severe,reset-at-object,500,9,298,688.0
severe,reset-at-object,500,9,306,250.0
severe,reset-at-object,500,9,323,578.0
severe,reset-at-object,500,9,324,696.0
severe,reset-at-object,500,9,325,763.0
severe,reset-at-object,500,9,351,590.0
severe,reset-at-object,500,9,352,911.0
severe,reset-at-object,500,9,353,936.0
severe,reset-at-object,500,9,354,859.0
severe,reset-at-object,500,9,355,376.0
severe,reset-at-object,500,9,574,469.0
severe,reset-at-object,500,9,575,880.0
severe,reset-at-object,500,9,576,964.0
severe,reset-at-object,500,10,267,376.0
severe,reset-at-object,500,10,278,207.0
severe,reset-at-object,500,10,297,488.0
severe,reset-at-object,500,10,298,629.0
severe,reset-at-object,500,10,316,222.0
severe,reset-at-object,500,10,324,607.0
severe,reset-at-object,500,10,325,719.0
severe,reset-at-object,500,10,326,761.0
severe,reset-at-object,500,10,352,580.0
severe,reset-at-object,500,10,353,922.0
severe,reset-at-object,500,10,354,925.0
severe,reset-at-object,500,10,355,859.0
severe,reset-at-object,500,10,356,376.0
severe,reset-at-object,500,10,575,338.0
severe,reset-at-object,500,10,576,986.0
severe,reset-at-object,500,10,577,1012.0
severe,reset-at-object,1000,1,289,197.0
severe,reset-at-object,1000,1,296,396.0
severe,reset-at-object,1000,1,297,557.0
severe,reset-at-object,1000,1,304,167.0
severe,reset-at-object,1000,1,313,566.0
severe,reset-at-object,1000,1,314,891.0
severe,reset-at-object,1000,1,344,572.0
severe,reset-at-object,1000,1,345,737.0
severe,reset-at-object,1000,1,346,932.0
severe,reset-at-object,1000,1,347,887.0
severe,reset-at-object,1000,1,348,972.0
severe,reset-at-object,1000,1,358,894.0
severe,reset-at-object,1000,1,359,352.0
severe,reset-at-object,1000,1,369,230.0
severe,reset-at-object,1000,1,608,630.0
severe,reset-at-object,1000,1,609,755.0
severe,reset-at-object,1000,2,292,246.0
severe,reset-at-object,1000,2,296,325.0
severe,reset-at-object,1000,2,297,581.0
severe,reset-at-object,1000,2,322,709.0
severe,reset-at-object,1000,2,323,641.0
severe,reset-at-object,1000,2,324,672.0
severe,reset-at-object,1000,2,327,155.0
severe,reset-at-object,1000,2,350,718.0
severe,reset-at-object,1000,2,351,802.0
severe,reset-at-object,1000,2,352,1173.0
severe,reset-at-object,1000,2,353,651.0
severe,reset-at-object,1000,2,354,1012.0
severe,reset-at-object,1000,2,355,245.0
severe,reset-at-object,1000,2,356,116.0
severe,reset-at-object,1000,2,585,103.0
severe,reset-at-object,1000,2,604,772.0
severe,reset-at-object,1000,2,605,791.0
severe,reset-at-object,1000,3,296,646.0
severe,reset-at-object,1000,3,297,427.0
severe,reset-at-object,1000,3,324,652.0
severe,reset-at-object,1000,3,325,688.0
severe,reset-at-object,1000,3,326,697.0
severe,reset-at-object,1000,3,355,801.0
severe,reset-at-object,1000,3,356,885.0
severe,reset-at-object,1000,3,357,912.0
severe,reset-at-object,1000,3,358,866.0
severe,reset-at-object,1000,3,359,965.0
severe,reset-at-object,1000,3,360,340.0
severe,reset-at-object,1000,3,609,682.0
severe,reset-at-object,1000,3,610,767.0
severe,reset-at-object,1000,4,257,179.0
severe,reset-at-object,1000,4,264,171.0
severe,reset-at-object,1000,4,275,151.0
severe,reset-at-object,1000,4,283,112.0
severe,reset-at-object,1000,4,286,475.0
severe,reset-at-object,1000,4,287,575.0
severe,reset-at-object,1000,4,302,293.0
severe,reset-at-object,1000,4,310,499.0
severe,reset-at-object,1000,4,311,687.0
severe,reset-at-object,1000,4,312,685.0
severe,reset-at-object,1000,4,323,259.0
severe,reset-at-object,1000,4,342,626.0
severe,reset-at-object,1000,4,343,956.0
severe,reset-at-object,1000,4,344,887.0
severe,reset-at-object,1000,4,345,948.0
severe,reset-at-object,1000,4,346,882.0
severe,reset-at-object,1000,4,347,375.0
severe,reset-at-object,1000,4,595,376.0
severe,reset-at-object,1000,4,596,476.0
severe,reset-at-object,1000,4,597,779.0
severe,reset-at-object,1000,5,292,264.0
severe,reset-at-object,1000,5,296,301.0
severe,reset-at-object,1000,5,297,586.0
severe,reset-at-object,1000,5,312,280.0
severe,reset-at-object,1000,5,319,542.0
severe,reset-at-object,1000,5,320,616.0
severe,reset-at-object,1000,5,321,734.0
severe,reset-at-object,1000,5,328,211.0
severe,reset-at-object,1000,5,351,717.0
severe,reset-at-object,1000,5,352,897.0
severe,reset-at-object,1000,5,353,911.0
severe,reset-at-object,1000,5,354,901.0
severe,reset-at-object,1000,5,355,942.0
severe,reset-at-object,1000,5,356,350.0
severe,reset-at-object,1000,5,605,785.0
severe,reset-at-object,1000,5,606,779.0
severe,reset-at-object,1000,6,287,168.0
severe,reset-at-object,1000,6,295,412.0
severe,reset-at-object,1000,6,296,503.0
severe,reset-at-object,1000,6,320,673.0
severe,reset-at-object,1000,6,321,664.0
severe,reset-at-object,1000,6,322,638.0
severe,reset-at-object,1000,6,342,314.0
severe,reset-at-object,1000,6,352,612.0
severe,reset-at-object,1000,6,353,909.0
severe,reset-at-object,1000,6,354,887.0
severe,reset-at-object,1000,6,355,937.0
severe,reset-at-object,1000,6,356,1127.0
severe,reset-at-object,1000,6,357,118.0
severe,reset-at-object,1000,6,596,162.0
severe,reset-at-object,1000,6,606,683.0
severe,reset-at-object,1000,6,607,791.0
severe,reset-at-object,1000,7,296,693.0
severe,reset-at-object,1000,7,297,380.0
severe,reset-at-object,1000,7,319,833.0
severe,reset-at-object,1000,7,320,686.0
severe,reset-at-object,1000,7,321,474.0
severe,reset-at-object,1000,7,351,781.0
severe,reset-at-object,1000,7,352,874.0
severe,reset-at-object,1000,7,353,948.0
severe,reset-at-object,1000,7,354,923.0
severe,reset-at-object,1000,7,355,882.0
severe,reset-at-object,1000,7,356,375.0
severe,reset-at-object,1000,7,605,737.0
severe,reset-at-object,1000,7,606,815.0
severe,reset-at-object,1000,8,296,503.0
severe,reset-at-object,1000,8,297,558.0
severe,reset-at-object,1000,8,325,668.0
severe,reset-at-object,1000,8,326,640.0
severe,reset-at-object,1000,8,327,746.0
severe,reset-at-object,1000,8,357,1575.0
severe,reset-at-object,1000,8,358,102.0
severe,reset-at-object,1000,8,359,923.0
severe,reset-at-object,1000,8,360,877.0
severe,reset-at-object,1000,8,361,918.0
severe,reset-at-object,1000,8,362,896.0
severe,reset-at-object,1000,8,612,802.0
severe,reset-at-object,1000,9,296,491.0
severe,reset-at-object,1000,9,297,581.0
severe,reset-at-object,1000,9,309,232.0
severe,reset-at-object,1000,9,315,536.0
severe,reset-at-object,1000,9,316,676.0
severe,reset-at-object,1000,9,340,373.0
severe,reset-at-object,1000,9,346,412.0
severe,reset-at-object,1000,9,347,781.0
severe,reset-at-object,1000,9,348,909.0
severe,reset-at-object,1000,9,349,914.0
severe,reset-at-object,1000,9,350,910.0
severe,reset-at-object,1000,9,351,894.0
severe,reset-at-object,1000,9,352,375.0
severe,reset-at-object,1000,9,579,121.0
severe,reset-at-object,1000,9,601,763.0
severe,reset-at-object,1000,9,602,789.0
severe,reset-at-object,1000,10,255,226.0
severe,reset-at-object,1000,10,277,434.0
severe,reset-at-object,1000,10,284,251.0
severe,reset-at-object,1000,10,285,535.0
severe,reset-at-object,1000,10,296,289.0
severe,reset-at-object,1000,10,306,536.0
severe,reset-at-object,1000,10,307,662.0
severe,reset-at-object,1000,10,330,378.0
severe,reset-at-object,1000,10,336,513.0
severe,reset-at-object,1000,10,337,641.0
severe,reset-at-object,1000,10,338,921.0
severe,reset-at-object,1000,10,339,994.0
severe,reset-at-object,1000,10,340,854.0
severe,reset-at-object,1000,10,341,835.0
severe,reset-at-object,1000,10,342,363.0
severe,reset-at-object,1000,10,589,286.0
severe,reset-at-object,1000,10,590,630.0
severe,reset-at-object,1000,10,591,766.0
severe,reset-stream,100,1,237,3486.0
severe,reset-stream,100,1,238,1000.0
severe,reset-stream,100,1,239,2106.0
severe,reset-stream,100,1,240,1986.0
severe,reset-stream,100,1,241,953.0
severe,reset-stream,100,1,242,3353.0
severe,reset-stream,100,1,243,2086.0
severe,reset-stream,100,1,274,911.0
severe,reset-stream,100,1,313,1578.0
severe,reset-stream,100,1,314,975.0
severe,reset-stream,100,2,226,589.0
severe,reset-stream,100,2,227,4285.0
severe,reset-stream,100,2,228,1024.0
severe,reset-stream,100,2,229,1094.0
severe,reset-stream,100,2,230,2009.0
severe,reset-stream,100,2,231,1999.0
severe,reset-stream,100,2,232,352.0
severe,reset-stream,100,2,233,2019.0
severe,reset-stream,100,2,264,809.0
severe,reset-stream,100,2,265,1131.0
severe,reset-stream,100,2,269,757.0
severe,reset-stream,100,2,270,1039.0
severe,reset-stream,100,2,279,651.0
severe,reset-stream,100,3,236,295.0
severe,reset-stream,100,3,237,1070.0
severe,reset-stream,100,3,238,2189.0
severe,reset-stream,100,3,239,999.0
severe,reset-stream,100,3,240,3105.0
severe,reset-stream,100,3,241,2968.0
severe,reset-stream,100,3,242,376.0
severe,reset-stream,100,3,243,1961.0
severe,reset-stream,100,3,244,1976.0
severe,reset-stream,100,3,343,590.0
severe,reset-stream,100,3,344,1919.0
severe,reset-stream,100,4,236,1413.0
severe,reset-stream,100,4,237,1033.0
severe,reset-stream,100,4,238,1109.0
severe,reset-stream,100,4,239,997.0
severe,reset-stream,100,4,240,2108.0
severe,reset-stream,100,4,241,996.0
severe,reset-stream,100,4,242,988.0
severe,reset-stream,100,4,243,1022.0
severe,reset-stream,100,4,244,1286.0
severe,reset-stream,100,4,245,1010.0
severe,reset-stream,100,4,246,1000.0
severe,reset-stream,100,4,247,1975.0
severe,reset-stream,100,4,346,2519.0
severe,reset-stream,100,5,195,519.0
severe,reset-stream,100,5,196,1154.0
severe,reset-stream,100,5,197,1108.0
severe,reset-stream,100,5,198,6244.0
severe,reset-stream,100,5,199,2024.0
severe,reset-stream,100,5,200,3295.0
severe,reset-stream,100,5,230,1913.0
severe,reset-stream,100,5,231,106.0
severe,reset-stream,100,5,233,949.0
severe,reset-stream,100,5,234,976.0
severe,reset-stream,100,5,243,660.0
severe,reset-stream,100,5,244,976.0
severe,reset-stream,100,6,236,5560.0
severe,reset-stream,100,6,237,2100.0
severe,reset-stream,100,6,238,2024.0
severe,reset-stream,100,6,239,5260.0
severe,reset-stream,100,6,269,204.0
severe,reset-stream,100,6,273,1667.0
severe,reset-stream,100,6,274,953.0
severe,reset-stream,100,6,275,1904.0
severe,reset-stream,100,7,237,1366.0
severe,reset-stream,100,7,238,4189.0
severe,reset-stream,100,7,239,1048.0
severe,reset-stream,100,7,240,1020.0
severe,reset-stream,100,7,241,999.0
severe,reset-stream,100,7,242,1002.0
severe,reset-stream,100,7,243,1009.0
severe,reset-stream,100,7,244,2297.0
severe,reset-stream,100,7,245,3008.0
severe,reset-stream,100,7,249,1818.0
severe,reset-stream,100,7,258,1613.0
severe,reset-stream,100,8,236,308.0
severe,reset-stream,100,8,237,1094.0
severe,reset-stream,100,8,238,2154.0
severe,reset-stream,100,8,239,3047.0
severe,reset-stream,100,8,240,2046.0
severe,reset-stream,100,8,241,2331.0
severe,reset-stream,100,8,242,3904.0
severe,reset-stream,100,8,243,1012.0
severe,reset-stream,100,8,274,906.0
severe,reset-stream,100,8,283,676.0
severe,reset-stream,100,8,284,965.0
severe,reset-stream,100,8,285,976.0
severe,reset-stream,100,9,236,302.0
severe,reset-stream,100,9,237,1118.0
severe,reset-stream,100,9,238,2141.0
severe,reset-stream,100,9,239,968.0
severe,reset-stream,100,9,240,1066.0
severe,reset-stream,100,9,241,2056.0
severe,reset-stream,100,9,242,1023.0
severe,reset-stream,100,9,243,1965.0
severe,reset-stream,100,9,244,378.0
severe,reset-stream,100,9,245,1943.0
severe,reset-stream,100,9,246,1917.0
severe,reset-stream,100,9,247,1011.0
severe,reset-stream,100,9,248,1043.0
severe,reset-stream,100,9,287,567.0
severe,reset-stream,100,9,288,990.0
severe,reset-stream,100,10,237,1346.0
severe,reset-stream,100,10,238,1033.0
severe,reset-stream,100,10,239,1107.0
severe,reset-stream,100,10,240,4103.0
severe,reset-stream,100,10,241,1012.0
severe,reset-stream,100,10,242,1011.0
severe,reset-stream,100,10,243,988.0
severe,reset-stream,100,10,244,5224.0
severe,reset-stream,100,10,246,1941.0
severe,reset-stream,100,10,255,708.0
severe,reset-stream,100,10,256,1904.0
severe,reset-stream,200,1,237,262.0
severe,reset-stream,200,1,252,294.0
severe,reset-stream,200,1,256,2426.0
severe,reset-stream,200,1,257,2024.0
severe,reset-stream,200,1,258,3091.0
severe,reset-stream,200,1,259,2000.0
severe,reset-stream,200,1,260,364.0
severe,reset-stream,200,1,479,1461.0
severe,reset-stream,200,2,237,271.0
severe,reset-stream,200,2,238,2140.0
severe,reset-stream,200,2,239,1107.0
severe,reset-stream,200,2,240,1000.0
severe,reset-stream,200,2,241,5091.0
severe,reset-stream,200,2,242,1012.0
severe,reset-stream,200,2,243,387.0
severe,reset-stream,200,2,273,904.0
severe,reset-stream,200,2,274,101.0
severe,reset-stream,200,2,432,1506.0
severe,reset-stream,200,2,433,954.0
severe,reset-stream,200,3,237,249.0
severe,reset-stream,200,3,238,1120.0
severe,reset-stream,200,3,239,3143.0
severe,reset-stream,200,3,240,1020.0
severe,reset-stream,200,3,241,3082.0
severe,reset-stream,200,3,242,1974.0
severe,reset-stream,200,3,243,412.0
severe,reset-stream,200,3,462,508.0
severe,reset-stream,200,3,463,941.0
severe,reset-stream,200,4,237,291.0
severe,reset-stream,200,4,238,1020.0
severe,reset-stream,200,4,239,1093.0
severe,reset-stream,200,4,240,1119.0
severe,reset-stream,200,4,241,3096.0
severe,reset-stream,200,4,242,2007.0
severe,reset-stream,200,4,243,1999.0
severe,reset-stream,200,4,244,404.0
severe,reset-stream,200,4,463,447.0
severe,reset-stream,200,5,237,269.0
severe,reset-stream,200,5,238,2154.0
severe,reset-stream,200,5,239,2094.0
severe,reset-stream,200,5,240,1048.0
severe,reset-stream,200,5,241,2067.0
severe,reset-stream,200,5,242,1987.0
severe,reset-stream,200,5,243,1366.0
severe,reset-stream,200,5,462,544.0
severe,reset-stream,200,5,463,927.0
severe,reset-stream,200,6,237,444.0
severe,reset-stream,200,6,250,566.0
severe,reset-stream,200,6,251,1035.0
severe,reset-stream,200,6,252,3130.0
severe,reset-stream,200,6,253,1082.0
severe,reset-stream,200,6,254,3021.0
severe,reset-stream,200,6,255,1333.0
severe,reset-stream,200,6,474,517.0
severe,reset-stream,200,6,475,1939.0
severe,reset-stream,200,7,237,1366.0
severe,reset-stream,200,7,238,3151.0
severe,reset-stream,200,7,239,2106.0
severe,reset-stream,200,7,240,2010.0
severe,reset-stream,200,7,241,1985.0
severe,reset-stream,200,7,242,415.0
severe,reset-stream,200,7,461,473.0
severe,reset-stream,200,7,462,949.0
severe,reset-stream,200,7,463,963.0
severe,reset-stream,200,8,236,287.0
severe,reset-stream,200,8,237,1143.0
severe,reset-stream,200,8,238,987.0
severe,reset-stream,200,8,239,2154.0
severe,reset-stream,200,8,240,3103.0
severe,reset-stream,200,8,241,3368.0
severe,reset-stream,200,8,460,540.0
severe,reset-stream,200,8,461,905.0
severe,reset-stream,200,9,229,526.0
severe,reset-stream,200,9,230,3261.0
severe,reset-stream,200,9,231,953.0
severe,reset-stream,200,9,232,3129.0
severe,reset-stream,200,9,233,3033.0
severe,reset-stream,200,9,234,1353.0
severe,reset-stream,200,9,265,957.0
severe,reset-stream,200,9,393,607.0
severe,reset-stream,200,9,394,1905.0
severe,reset-stream,200,10,236,1413.0
severe,reset-stream,200,10,237,2142.0
severe,reset-stream,200,10,238,988.0
severe,reset-stream,200,10,239,2107.0
severe,reset-stream,200,10,240,4020.0
severe,reset-stream,200,10,241,352.0
severe,reset-stream,200,10,242,921.0
severe,reset-stream,200,10,273,952.0
severe,reset-stream,200,10,333,146.0
severe,reset-stream,200,10,402,2443.0
severe,reset-stream,500,1,258,681.0
severe,reset-stream,500,1,263,207.0
severe,reset-stream,500,1,288,1111.0
severe,reset-stream,500,1,289,957.0
severe,reset-stream,500,1,319,2300.0
severe,reset-stream,500,1,320,1803.0
severe,reset-stream,500,1,321,952.0
severe,reset-stream,500,1,322,340.0
severe,reset-stream,500,1,541,532.0
severe,reset-stream,500,1,542,953.0
severe,reset-stream,500,2,256,819.0
severe,reset-stream,500,2,279,130.0
severe,reset-stream,500,2,286,467.0
severe,reset-stream,500,2,287,677.0
severe,reset-stream,500,2,288,920.0
severe,reset-stream,500,2,295,216.0
severe,reset-stream,500,2,304,587.0
severe,reset-stream,500,2,305,3801.0
severe,reset-stream,500,2,306,1080.0
severe,reset-stream,500,2,307,364.0
severe,reset-stream,500,2,526,1462.0
severe,reset-stream,500,3,267,391.0
severe,reset-stream,500,3,273,125.0
severe,reset-stream,500,3,289,183.0
severe,reset-stream,500,3,297,400.0
severe,reset-stream,500,3,298,641.0
severe,reset-stream,500,3,313,228.0
severe,reset-stream,500,3,321,482.0
severe,reset-stream,500,3,322,698.0
severe,reset-stream,500,3,323,974.0
severe,reset-stream,500,3,324,2008.0
severe,reset-stream,500,3,325,2356.0
severe,reset-stream,500,3,385,145.0
severe,reset-stream,500,3,544,455.0
severe,reset-stream,500,4,266,445.0
severe,reset-stream,500,4,268,276.0
severe,reset-stream,500,4,296,1055.0
severe,reset-stream,500,4,297,898.0
severe,reset-stream,500,4,327,1469.0
severe,reset-stream,500,4,328,862.0
severe,reset-stream,500,4,329,947.0
severe,reset-stream,500,4,330,2185.0
severe,reset-stream,500,4,549,466.0
severe,reset-stream,500,4,550,963.0
severe,reset-stream,500,4,551,942.0
severe,reset-stream,500,5,266,424.0
severe,reset-stream,500,5,296,562.0
severe,reset-stream,500,5,297,665.0
severe,reset-stream,500,5,298,907.0
severe,reset-stream,500,5,328,1399.0
severe,reset-stream,500,5,329,814.0
severe,reset-stream,500,5,330,1006.0
severe,reset-stream,500,5,331,925.0
severe,reset-stream,500,5,332,1283.0
severe,reset-stream,500,5,551,1445.0
severe,reset-stream,500,6,267,389.0
severe,reset-stream,500,6,291,206.0
severe,reset-stream,500,6,297,440.0
severe,reset-stream,500,6,298,677.0
severe,reset-stream,500,6,299,898.0
severe,reset-stream,500,6,300,1046.0
severe,reset-stream,500,6,301,2068.0
severe,reset-stream,500,6,302,1000.0
severe,reset-stream,500,6,303,1011.0
severe,reset-stream,500,6,304,976.0
severe,reset-stream,500,6,305,376.0
severe,reset-stream,500,6,524,558.0
severe,reset-stream,500,6,525,903.0
severe,reset-stream,500,7,266,416.0
severe,reset-stream,500,7,296,1216.0
severe,reset-stream,500,7,297,933.0
severe,reset-stream,500,7,326,1477.0
severe,reset-stream,500,7,327,886.0
severe,reset-stream,500,7,328,3192.0
severe,reset-stream,500,8,266,570.0
severe,reset-stream,500,8,296,446.0
severe,reset-stream,500,8,297,641.0
severe,reset-stream,500,8,317,346.0
severe,reset-stream,500,8,325,827.0
severe,reset-stream,500,8,331,273.0
severe,reset-stream,500,8,350,571.0
severe,reset-stream,500,8,351,2665.0
severe,reset-stream,500,8,352,1299.0
severe,reset-stream,500,8,571,398.0
severe,reset-stream,500,9,267,390.0
severe,reset-stream,500,9,297,537.0
severe,reset-stream,500,9,298,665.0
severe,reset-stream,500,9,303,234.0
severe,reset-stream,500,9,324,2049.0
severe,reset-stream,500,9,329,295.0
severe,reset-stream,500,9,350,337.0
severe,reset-stream,500,9,351,899.0
severe,reset-stream,500,9,352,937.0
severe,reset-stream,500,9,353,906.0
severe,reset-stream,500,9,354,400.0
severe,reset-stream,500,9,573,394.0
severe,reset-stream,500,9,574,928.0
severe,reset-stream,500,10,256,775.0
severe,reset-stream,500,10,258,207.0
severe,reset-stream,500,10,286,446.0
severe,reset-stream,500,10,287,689.0
severe,reset-stream,500,10,288,909.0
severe,reset-stream,500,10,299,266.0
severe,reset-stream,500,10,310,542.0
severe,reset-stream,500,10,311,797.0
severe,reset-stream,500,10,312,2872.0
severe,reset-stream,500,10,313,1022.0
severe,reset-stream,500,10,314,316.0
severe,reset-stream,500,10,315,137.0
severe,reset-stream,500,10,533,1352.0
severe,reset-stream,500,10,534,1011.0
severe,reset-stream,1000,1,290,439.0
severe,reset-stream,1000,1,291,486.0
severe,reset-stream,1000,1,292,105.0
severe,reset-stream,1000,1,309,178.0
severe,reset-stream,1000,1,321,1280.0
severe,reset-stream,1000,1,322,769.0
severe,reset-stream,1000,1,352,781.0
severe,reset-stream,1000,1,353,897.0
severe,reset-stream,1000,1,354,840.0
severe,reset-stream,1000,1,355,1843.0
severe,reset-stream,1000,1,356,362.0
severe,reset-stream,1000,1,604,184.0
severe,reset-stream,1000,1,605,595.0
severe,reset-stream,1000,1,606,755.0
severe,reset-stream,1000,2,296,501.0
severe,reset-stream,1000,2,297,582.0
severe,reset-stream,1000,2,326,1984.0
severe,reset-stream,1000,2,356,1638.0
severe,reset-stream,1000,2,357,1727.0
severe,reset-stream,1000,2,358,1260.0
severe,reset-stream,1000,2,607,664.0
severe,reset-stream,1000,2,608,767.0
severe,reset-stream,1000,3,289,129.0
severe,reset-stream,1000,3,296,931.0
severe,reset-stream,1000,3,304,172.0
severe,reset-stream,1000,3,312,584.0
severe,reset-stream,1000,3,313,628.0
severe,reset-stream,1000,3,343,685.0
severe,reset-stream,1000,3,344,772.0
severe,reset-stream,1000,3,345,850.0
severe,reset-stream,1000,3,346,947.0
severe,reset-stream,1000,3,347,1057.0
severe,reset-stream,1000,3,352,833.0
severe,reset-stream,1000,3,353,465.0
severe,reset-stream,1000,3,600,323.0
severe,reset-stream,1000,3,602,569.0
severe,reset-stream,1000,4,296,1061.0
severe,reset-stream,1000,4,324,657.0
severe,reset-stream,1000,4,325,652.0
severe,reset-stream,1000,4,326,743.0
severe,reset-stream,1000,4,333,117.0
severe,reset-stream,1000,4,337,1609.0
severe,reset-stream,1000,4,338,887.0
severe,reset-stream,1000,4,345,871.0
severe,reset-stream,1000,4,346,956.0
severe,reset-stream,1000,4,349,386.0
severe,reset-stream,1000,4,583,205.0
severe,reset-stream,1000,4,587,179.0
severe,reset-stream,1000,4,597,646.0
severe,reset-stream,1000,4,598,778.0
severe,reset-stream,1000,5,294,212.0
severe,reset-stream,1000,5,295,356.0
severe,reset-stream,1000,5,296,569.0
severe,reset-stream,1000,5,312,298.0
severe,reset-stream,1000,5,318,559.0
severe,reset-stream,1000,5,319,676.0
severe,reset-stream,1000,5,320,685.0
severe,reset-stream,1000,5,332,266.0
severe,reset-stream,1000,5,350,663.0
severe,reset-stream,1000,5,351,900.0
severe,reset-stream,1000,5,352,896.0
severe,reset-stream,1000,5,353,938.0
severe,reset-stream,1000,5,354,895.0
severe,reset-stream,1000,5,355,375.0
severe,reset-stream,1000,5,604,809.0
severe,reset-stream,1000,5,605,779.0
severe,reset-stream,1000,6,296,505.0
severe,reset-stream,1000,6,297,567.0
severe,reset-stream,1000,6,315,253.0
severe,reset-stream,1000,6,318,636.0
severe,reset-stream,1000,6,319,1364.0
severe,reset-stream,1000,6,340,366.0
severe,reset-stream,1000,6,348,544.0
severe,reset-stream,1000,6,349,897.0
severe,reset-stream,1000,6,350,2681.0
severe,reset-stream,1000,6,351,529.0
severe,reset-stream,1000,6,600,670.0
severe,reset-stream,1000,7,296,515.0
severe,reset-stream,1000,7,297,905.0
severe,reset-stream,1000,7,322,464.0
severe,reset-stream,1000,7,323,1318.0
severe,reset-stream,1000,7,353,1642.0
severe,reset-stream,1000,7,354,2996.0
severe,reset-stream,1000,7,602,329.0
severe,reset-stream,1000,7,603,1278.0
severe,reset-stream,1000,8,296,514.0
severe,reset-stream,1000,8,297,581.0
severe,reset-stream,1000,8,298,778.0
severe,reset-stream,1000,8,328,658.0
severe,reset-stream,1000,8,329,1455.0
severe,reset-stream,1000,8,355,1536.0
severe,reset-stream,1000,8,356,902.0
severe,reset-stream,1000,8,357,858.0
severe,reset-stream,1000,8,358,366.0
severe,reset-stream,1000,8,577,113.0
severe,reset-stream,1000,8,601,265.0
severe,reset-stream,1000,8,607,696.0
severe,reset-stream,1000,8,608,767.0
severe,reset-stream,1000,9,296,503.0
severe,reset-stream,1000,9,297,714.0
severe,reset-stream,1000,9,312,523.0
severe,reset-stream,1000,9,313,752.0
severe,reset-stream,1000,9,343,698.0
severe,reset-stream,1000,9,344,760.0
severe,reset-stream,1000,9,345,908.0
severe,reset-stream,1000,9,346,888.0
severe,reset-stream,1000,9,347,960.0
severe,reset-stream,1000,9,357,894.0
severe,reset-stream,1000,9,358,657.0
severe,reset-stream,1000,9,607,510.0
severe,reset-stream,1000,10,296,456.0
severe,reset-stream,1000,10,297,581.0
severe,reset-stream,1000,10,325,656.0
severe,reset-stream,1000,10,326,664.0
severe,reset-stream,1000,10,327,1433.0
severe,reset-stream,1000,10,340,422.0
severe,reset-stream,1000,10,353,1129.0
severe,reset-stream,1000,10,354,1851.0
severe,reset-stream,1000,10,362,352.0
severe,reset-stream,1000,10,608,234.0
severe,reset-stream,1000,10,611,644.0
severe,reset-stream,1000,10,612,755.0
